Resp.ID,Collector.ID,start.date,End.date,converse.id,dream.id,usewell.id,whenever.id,consider.ought,people.ought,expect.ought,fail.ought,necessity,enjoy.intr,life.intr,exciting.intr,challenge.intr,job.instru,knowledge.instru,career.instru,money.instru,time.integr,becomelike.integr,meeting.integr,affinity.integr,improve.prof,speaking.prof,reading.prof,written.prof,listening.prof,citizen.post,interact.post,overseas.post,globalaccess.post,mot.qual,advantages.qual,idealfuture.qual,succ1.attrib,educ2.attrib,open3.attrib,élite4.attrib,citizen5.attrib,employable6.attrib,cultured7.attrib,interesting8.attrib,other.comment9.attrib,parents1.external,friends2.external,teachers3.external,press4.external,duty5.external,noextern6.external,other7.external,encouragement1.influence,other4.influence,transl1.sector,research2.sector,teaching3.sector,business4.sector,tourism5.sector,banking6.sector,organisation7.sector,communication8.sector,intrelations9.sector,Notsure10.sector,other11.sector,Age,Gender,L1,speak.other.L2,other.speak.other.L2,study.other.L2,origins,origins.specify,year.studyL2,other.year.studyL2,private.lessons1.other.ways,study.holiday2.other.ways,year.sem.abroad3.other.ways,online.course4.other.ways,other5.other.ways,degree,other.degree1,comparative.culture.minor1,philosophy.minor2,Language.literature.culture.minor3,art.music.theatre.minor4,ancient studies.minor5,history.minor6,computer.science.minor7,law.minor8,economics.minor9,communication.minor10,catholic.theology.minor11,evangelical.theology.minor12,DAF.minor13,orthodox theology.minor14,sinology.minor15,scandinavian.studies.minor16,other.minor17,study.year,prof,other.prof,insistence2.influence,pressure3.influence,Context,other.attrib.richi,other.external.richi,other.sector.richi,other.year.studyL2.reduced,other.year.studyL2.richi,other.other.ways.richi,other.degree.richi
5141241857,94702335,2016-12-15T17:52:00Z,2016-12-15T18:07:00Z,Agree,Agree,Not sure,Strongly agree,Disagree,Disagree,Strongly disagree,Disagree,Not sure,Strongly agree,Agree,Strongly agree,Agree,Not sure,Not sure,Agree,Not sure,Agree,Not sure,Agree,Agree,Agree,Agree,Agree,Agree,Agree,Agree,Agree,Agree,Agree,I like the language and it's the only subject I feel good enough at and would consider to study.,German is a nice and hard language to learn but English is spoken all over the world and is more useful to me abroad.,I always wanted to live in an English speaking country or at least go there for a vacation and then be able to communicate. English also helps when communicating in other countries.,0,1,1,0,1,0,1,0,NA,0,0,0,0,0,1,NA,NA,NA,1,0,1,0,0,0,0,0,0,0,NA,18-25,Female,German,No,NA,Italian,No,NA,Other,FIRST.YEAR.SECONDARY,0,0,0,0,FRIENDS,BA in Anglistik,NA,0,0,1,0,0,0,0,0,0,0,0,0,0,0,0,0,NA,1st semester,Upper-intermediate,NA,NA,NA,English in Germany,NA,NA,NA,SECONDARY,FIRST.YEAR.SECONDARY,FRIENDS,NA
5141591904,94702335,2016-12-15T21:33:00Z,2016-12-15T21:36:00Z,Strongly agree,Strongly agree,Agree,Strongly agree,Not sure,Disagree,Strongly disagree,Strongly disagree,Strongly agree,Strongly agree,Agree,Strongly agree,Agree,Agree,Agree,Agree,Disagree,Strongly agree,Strongly agree,Strongly agree,Strongly agree,Strongly agree,Strongly agree,Agree,Agree,Agree,Not sure,Strongly agree,Not sure,Agree,NA,NA,NA,0,0,0,0,0,0,0,0,NA,0,0,0,0,0,0,NA,NA,NA,0,0,0,0,0,0,0,0,0,0,NA,NA,NA,NA,NA,NA,NA,NA,NA,NA,NA,0,0,0,0,NA,NA,NA,0,0,0,0,0,0,0,0,0,0,0,0,0,0,0,0,NA,NA,NA,NA,NA,NA,English in Germany,NA,NA,NA,NA,NA,NA,NA
5142314813,94702335,2016-12-16T03:23:00Z,2016-12-16T03:28:00Z,Agree,Agree,Agree,Agree,Not sure,Not sure,Disagree,Not sure,Agree,Strongly agree,Not sure,Agree,Agree,Agree,Agree,Agree,Not sure,Agree,Disagree,Agree,Not sure,Agree,Agree,Agree,Agree,Agree,Not sure,Agree,Agree,Agree,NA,NA,NA,0,0,0,0,0,0,0,0,NA,0,0,0,0,0,0,NA,NA,NA,0,0,0,0,0,0,0,0,0,0,NA,NA,NA,NA,NA,NA,NA,NA,NA,NA,NA,0,0,0,0,NA,NA,NA,0,0,0,0,0,0,0,0,0,0,0,0,0,0,0,0,NA,NA,NA,NA,NA,NA,English in Germany,NA,NA,NA,NA,NA,NA,NA
5144105029,94702335,2016-12-17T03:17:00Z,2016-12-17T03:29:00Z,Strongly agree,Strongly agree,Strongly agree,Strongly agree,Disagree,Disagree,Disagree,Agree,Not sure,Strongly agree,Disagree,Agree,Not sure,Agree,Agree,Agree,Agree,Strongly agree,Strongly agree,Strongly agree,Strongly agree,Agree,Agree,Agree,Agree,Agree,Strongly agree,Strongly agree,Strongly agree,Strongly agree,"It's my favourite language, I love its sound and the culture of English speaking countries, especially USA and Britain.",It's a global language. English is spoken all over the world and therefor a language with big influence.,I hope I'll be using English in my daily life and maybe have the possibility to live in an English speaking country.,1,1,1,1,1,1,1,1,NA,0,0,1,0,0,0,NA,1,NA,0,1,1,0,0,0,0,0,0,0,NA,18-25,Female,German,Yes,"French 
(Latin)",No,No,NA,Other,THIRD.YEAR.PRIMARY,1,0,1,0,NA,LA,LA,0,0,0,0,0,0,0,0,0,0,0,0,0,0,0,0,"Deutsch- und Mathedidaktik, Sport",2nd semester,Upper-intermediate,NA,0,0,English in Germany,NA,NA,NA,PRIMARY,THIRD.YEAR.PRIMARY,NA,LA
5145201306,94702335,2016-12-18T02:18:00Z,2016-12-18T02:23:00Z,Strongly agree,Not sure,Agree,Agree,Not sure,Agree,Disagree,Disagree,Agree,Strongly agree,Agree,Strongly agree,Agree,Not sure,Agree,Agree,Not sure,Strongly agree,Agree,Strongly agree,Agree,Agree,Agree,Agree,Agree,Agree,Agree,Strongly agree,Agree,Strongly agree,NA,NA,NA,0,0,0,0,0,0,0,0,NA,0,0,0,0,0,0,NA,NA,NA,0,0,0,0,0,0,0,0,0,0,NA,NA,NA,NA,NA,NA,NA,NA,NA,NA,NA,0,0,0,0,NA,NA,NA,0,0,0,0,0,0,0,0,0,0,0,0,0,0,0,0,NA,NA,NA,NA,NA,NA,English in Germany,NA,NA,NA,NA,NA,NA,NA
5146082282,94702335,2016-12-19T07:26:00Z,2016-12-19T07:40:00Z,Agree,Strongly agree,Strongly agree,Agree,Disagree,Disagree,Strongly disagree,Disagree,Agree,Strongly agree,Disagree,Agree,Strongly agree,Strongly agree,Agree,Strongly agree,Agree,Strongly agree,Disagree,Strongly agree,Not sure,Agree,Agree,Not sure,Agree,Not sure,Agree,Agree,Strongly agree,Strongly agree,That I am able to communicate and interact with people all over the world.,"because of the globalization it is important to speak a language that can speak the average of the people all around the world. Especially for work, but also for travel etc.",Because I want to become a teacher for English it will definitely have a big role in my later life.,1,0,1,0,0,0,1,0,NA,0,1,0,0,0,0,NA,1,NA,0,0,1,0,0,0,0,0,0,0,NA,18-25,Female,German,Yes,French,No,No,NA,Other,THIRD.YEAR.PRIMARY,0,0,1,0,NA,LA,LA,0,0,0,0,0,1,0,0,0,0,0,0,0,0,0,0,NA,1st semester,Advanced,NA,0,0,English in Germany,NA,NA,NA,PRIMARY,THIRD.YEAR.PRIMARY,NA,LA
5149915696,94702335,2016-12-22T02:16:00Z,2016-12-22T02:29:00Z,Strongly agree,Agree,Strongly agree,Strongly agree,Not sure,Not sure,Disagree,Strongly disagree,Agree,Strongly agree,Agree,Strongly agree,Not sure,Agree,Agree,Strongly agree,Not sure,Strongly agree,Strongly agree,Strongly agree,Strongly agree,Agree,Strongly agree,Agree,Strongly agree,Not sure,Agree,Strongly agree,Strongly agree,Agree,"I want to learn more about different dialects in English and how to use them.
I also want to have more knowledge about English and American literature.",NA,"I want to live in the US, so it has a very important role.",0,1,1,0,1,1,1,1,NA,0,0,0,0,0,1,NA,NA,NA,0,0,0,0,0,0,0,0,0,0,ENTERTAINMENT,18-25,Female,German and English,NA,NA,No,Yes,USA,Other,BILINGUAL,0,0,0,0,NA,BA in Anglistik,NA,0,0,0,1,0,0,0,0,0,0,0,0,0,0,0,0,NA,1st semester,Advanced,NA,NA,NA,English in Germany,NA,NA,ENTERTAINMENT,BILINGUAL,BILINGUAL,NA,NA
5154043817,94702335,2016-12-27T00:00:00Z,2016-12-27T00:16:00Z,Agree,Strongly agree,Strongly agree,Strongly agree,Disagree,Not sure,Strongly disagree,Disagree,Agree,Strongly agree,Agree,Strongly agree,Not sure,Agree,Agree,Agree,Disagree,Strongly agree,Not sure,Strongly agree,Agree,Agree,Strongly agree,Strongly agree,Strongly agree,Strongly agree,Not sure,Strongly agree,Strongly agree,Agree,I'm studying for becoming a teacher. So I want to help others to be able to learn it. I study it because I like speaking english. I want to improve and being able to speak fluently and in a correct way.,The biggest advantage is definitely to be able to talk with native speakers at one level.,It will have a role of teaching but also getting in contact with native speakers and being able to having contact with people all over the world.,1,1,1,0,1,0,0,1,QC,0,0,0,0,0,1,NA,1,NA,0,0,1,0,0,0,0,0,0,0,NA,18-25,Female,German,Yes,"French, Latin (from School)",No,No,NA,Other,THIRD.YEAR.PRIMARY,0,0,1,0,LIVING.L2,LA,LA,0,0,0,0,0,0,0,0,0,0,1,0,0,0,0,0,NA,1st semester,Advanced,NA,0,0,English in Germany,QC,NA,NA,PRIMARY,THIRD.YEAR.PRIMARY,LIVING.L2,LA
5165578183,94702335,2017-01-07T22:37:00Z,2017-01-07T23:03:00Z,Agree,Strongly agree,Strongly agree,Strongly agree,Agree,Not sure,Not sure,Not sure,Strongly agree,Strongly agree,Agree,Strongly agree,Strongly agree,Not sure,Not sure,Agree,Not sure,Strongly agree,Not sure,Strongly agree,Agree,Agree,Agree,Agree,Strongly agree,Agree,Strongly agree,Agree,Agree,Agree,"I like learning languages, not only to use them but also to understand e.g their linguistic history, their varieties and use in literature. Most of the media I read/ watch is originally from an English speaking country, e.g. books and TV shows and it's important to me to understand and be able to analyse the language that is used in most media.","In Germany, nearly everyone speaks English at a certain level. But when you have studied English at university, you have an above average knowledge of this language and you can use it, not only on a basic level but in a professional context as well.","I want to work in publishing and I need a degree in language studies. As I mentioned above, English is the language of global media and many books are published in English. I hope I need to use my English skills on a daily basis as I already do because I write and publish stories and fanfiction in English.",0,1,1,0,1,0,0,1,NA,0,1,1,0,0,0,NA,1,NA,1,0,0,0,0,0,0,1,0,0,NA,18-25,Female,German,Yes,Italian,Russian,No,NA,First year of primary school,NA,0,0,0,0,L2.RESOURCES,BA in Anglistik,NA,0,0,1,0,0,0,0,0,0,0,0,0,0,0,0,0,NA,1st semester,Advanced,NA,0,0,English in Germany,NA,NA,NA,NA,NA,L2.RESOURCES,NA
5165634175,94702335,2017-01-08T00:32:00Z,2017-01-08T00:46:00Z,Not sure,Agree,Agree,Agree,Strongly disagree,Agree,Strongly disagree,Strongly disagree,Not sure,Agree,Not sure,Agree,Agree,Not sure,Agree,Not sure,Not sure,Strongly agree,Agree,Strongly agree,Not sure,Agree,Agree,Agree,Agree,Agree,Not sure,Strongly agree,Agree,Agree,My main motivation is to improve my English. I used to live in countries where English is the official language and I simply do not want to loose my English skills.,"In my opinion, main advantages are:
- getting a better job or even getting a job
- being able to communicate with different people from different countries
- being able to improve my English in a certain why (learning more about theories, not necessary knowledge I will use while speaking to someone)",I hope English will play a big role in my future. I like the language and I really hope that I am able to use it in my future job. Furthermore I guess it will be a big advantage for travelling around the world.,1,1,1,0,0,1,0,1,NA,0,0,1,0,0,0,NA,1,NA,0,0,1,0,0,0,0,0,0,0,NA,18-25,Female,German,No,NA,No,No,NA,Other,THIRD.YEAR.PRIMARY,0,0,1,0,NA,LA,LA,0,0,0,0,0,0,0,0,0,0,0,0,0,0,0,0,"German, Maths and Art",1st semester,Advanced,NA,0,0,English in Germany,NA,NA,NA,PRIMARY,THIRD.YEAR.PRIMARY,NA,LA
5165747129,94702335,2017-01-08T03:42:00Z,2017-01-08T03:58:00Z,Agree,Strongly agree,Strongly agree,Strongly agree,Not sure,Strongly agree,Strongly disagree,Not sure,Not sure,Strongly agree,Strongly agree,Agree,Strongly agree,Not sure,Agree,Not sure,Not sure,Not sure,Not sure,Agree,Not sure,Strongly agree,Strongly agree,Strongly agree,Agree,Strongly agree,Agree,Agree,Agree,Agree,"I want to improve my English. My primary concern is to learn as many new words as possible because I have a fondness for vocabulary. E. g. when I'm reading a book, it often appears that I can't concentrate on the content as I think all the time about what the fancy word(s) could possibly mean. So it's detrimental, too. Ha-ha.",It just makes you a person with higher prestige I guess. Really love both languages.,I am not sure but I want to be able to know almost every complex word of the language. That is my goal.,0,1,1,1,0,0,1,1,NA,0,0,0,0,0,1,NA,NA,NA,1,1,1,1,1,0,0,0,1,0,NA,18-25,Male,German and Turkish,No,NA,No,No,NA,Other,THIRD.YEAR.PRIMARY,0,0,0,0,NA,NA,NA,0,0,1,0,0,0,0,0,0,0,0,0,0,0,0,0,NA,3rd semester,Upper-intermediate,NA,NA,NA,English in Germany,NA,NA,NA,PRIMARY,THIRD.YEAR.PRIMARY,NA,NA
5165826594,94702335,2017-01-08T06:03:00Z,2017-01-08T06:18:00Z,Strongly agree,Strongly agree,Strongly agree,Strongly agree,Not sure,Agree,Disagree,Not sure,Agree,Strongly agree,Strongly agree,Agree,Strongly agree,Strongly agree,Not sure,Strongly agree,Agree,Strongly agree,Disagree,Strongly agree,Strongly agree,Strongly agree,Strongly agree,Strongly agree,Strongly agree,Strongly agree,Not sure,Strongly agree,Strongly agree,Agree,"I love the language itself, not only because it is useful and will help me with my international career, but also because I think it is a beautiful language. A main aim in my life is to speak English fluently like a native speaker. I think that studying English will help me to spend time in English speaking countries and get better at it. My main motivation is my own interest in the English language and literature.",Of course it is important to speak English as for economical aspects but I don't think that my native language has got so much to do with my wish to master English.,I want to use English at work and have much contact with English speaking people. I don't know yet if I want to live in an English speaking country but I am sure that I want to keep English for my whole life and therefore use it.,1,1,1,0,0,1,1,1,NA,0,0,0,1,0,0,NA,1,NA,1,0,0,0,0,0,0,1,0,0,PUBLISHING,18-25,Female,German,Yes,"French, Spanish, Polish",Spanish,No,NA,First year of primary school,NA,0,0,0,0,WORK.L2,BA in Anglistik,NA,0,0,1,0,0,0,0,0,0,0,0,0,0,0,0,0,NA,1st semester,Upper-intermediate,NA,0,0,English in Germany,NA,NA,PUBLISHING,NA,NA,WORK.L2,NA
5166203266,94702335,2017-01-08T23:01:00Z,2017-01-08T23:06:00Z,Agree,Strongly agree,Strongly agree,Strongly agree,Agree,Strongly disagree,Strongly disagree,Disagree,Agree,Agree,Not sure,Agree,Agree,Agree,Agree,Strongly agree,Not sure,Strongly agree,Disagree,Agree,Agree,Disagree,Agree,Agree,Agree,Agree,Agree,Strongly agree,Agree,Agree,NA,NA,NA,0,0,0,0,0,0,0,0,NA,0,0,0,0,0,0,NA,NA,NA,0,0,0,0,0,0,0,0,0,0,NA,NA,NA,NA,NA,NA,NA,NA,NA,NA,NA,0,0,0,0,NA,NA,NA,0,0,0,0,0,0,0,0,0,0,0,0,0,0,0,0,NA,NA,NA,NA,NA,NA,English in Germany,NA,NA,NA,NA,NA,NA,NA
5166942045,94702335,2017-01-09T20:36:00Z,2017-01-09T21:04:00Z,Agree,Disagree,Strongly agree,Agree,Disagree,Strongly disagree,Strongly disagree,Disagree,Not sure,Agree,Agree,Disagree,Agree,Strongly agree,Strongly agree,Agree,Agree,Agree,Not sure,Agree,Agree,Strongly disagree,Disagree,Disagree,Disagree,Strongly disagree,Disagree,Agree,Agree,Strongly agree,"My main motivation for studying English is my belief that English is a versatile, widely used language, and that in studying English I will have access to a wider range of both career options and topics of interest mainly published in the English language.

Furthermore I enjoy the melody of the English language, and have had more contact with the language than most other languages including my mothertongue: Dutch.","I don't feel any language has a particular status except the status of having the largest amount of people who use it regularly.

I do believe that studying a language at a university level, regardless of which one, gives you an insight into the technical elements that make up a language. It helps you disect the 'natural' language to understand all aspects of a language rather than just being able to use it.","Preferably I can use all the languages I know now and convey my passion for Language to people, specifically for English, barring my more realistic expectations I would love to be an Author.",0,1,0,0,0,1,0,0,ENRICHED,0,0,0,1,0,0,MEDIA,0,Natural (we are flooded by primarily American popculture),0,1,1,0,0,0,0,1,0,0,NA,18-25,Male,Dutch,Yes,"German, Spanish, tiny amount of Latin.

Hoping to pick up Swedish, Japanese or Mandarin Chinese in future.",Spanish,No,NA,Kindergarten,NA,0,0,0,0,L2.RESOURCES,LA,LA,0,0,0,0,0,0,0,0,0,0,0,0,0,0,0,0,Lehramt Spanisch,1st semester,Advanced,NA,0,0,English in Germany,ENRICHED,MEDIA,NA,NA,NA,L2.RESOURCES,LA
5168516520,94702335,2017-01-10T21:02:00Z,2017-01-10T21:14:00Z,Agree,Strongly agree,Agree,Agree,Disagree,Disagree,Disagree,Disagree,Agree,Strongly agree,Disagree,Agree,Agree,Agree,Agree,Agree,Not sure,Agree,Disagree,Agree,Not sure,Agree,Agree,Agree,Agree,Agree,Agree,Agree,Agree,Agree,Wanting to improve my English skills in order to be able to teach the language to future students. Also interest in literature and linguistics.,"The ability to talk to people around the world
Read and understand academic journals 
Prestige","An active role:
Teaching it to students will allow me daily contant with the language.
Also, I like to travel to English-speaking countries, therefore it would be most useful to me.",0,1,0,0,0,1,0,0,QC,0,0,0,0,0,1,QC,NA,NA,0,0,1,0,0,0,0,0,0,0,NA,18-25,Female,German,Yes,"French 
(Latin,",German,No,NA,Other,THIRD.YEAR.PRIMARY,0,0,0,0,NA,LA,LA,0,0,1,0,0,1,0,0,0,0,0,0,0,0,0,0,NA,2nd semester,Advanced,NA,NA,NA,English in Germany,QC,QC,NA,PRIMARY,THIRD.YEAR.PRIMARY,NA,LA
5169537924,94702335,2017-01-11T09:08:00Z,2017-01-11T09:12:00Z,Agree,Not sure,Strongly agree,Agree,Not sure,Not sure,Disagree,Disagree,Strongly agree,Agree,Disagree,Strongly agree,Agree,Not sure,Agree,Agree,Not sure,Not sure,Not sure,Agree,Agree,Agree,Agree,Agree,Agree,Agree,Not sure,Agree,Strongly agree,Agree,NA,NA,NA,0,0,0,0,0,0,0,0,NA,0,0,0,0,0,0,NA,NA,NA,0,0,0,0,0,0,0,0,0,0,NA,NA,NA,NA,NA,NA,NA,NA,NA,NA,NA,0,0,0,0,NA,NA,NA,0,0,0,0,0,0,0,0,0,0,0,0,0,0,0,0,NA,NA,NA,NA,NA,NA,English in Germany,NA,NA,NA,NA,NA,NA,NA
5169726686,94702335,2017-01-11T13:06:00Z,2017-01-11T13:26:00Z,Agree,Agree,Strongly agree,Strongly agree,Disagree,Disagree,Strongly disagree,Strongly disagree,Disagree,Disagree,Strongly disagree,Agree,Disagree,Disagree,Not sure,Agree,Disagree,Agree,Disagree,Agree,Not sure,Strongly disagree,Not sure,Disagree,Disagree,Disagree,Strongly agree,Strongly agree,Strongly agree,Agree,Give a foundation to the language skills I learned while working abroad.,"Be a global citizen, have a degree better than TOEFL to prove my skills.",I will probably live in the US with my husband (he is French). It is not only the language we already communicate in but it will probably also be the language of the community that we will live in. Then we are planning to have kids there too so English will be the third language of our children.,0,0,1,0,1,0,0,0,NA,0,0,0,0,0,1,NA,NA,NA,1,0,0,0,0,0,0,0,0,1,QC,26-30,Female,German,Yes,Some French,French,No,NA,Other,FIRST.YEAR.SECONDARY,0,1,1,0,NA,BA in Anglistik,NA,0,0,1,0,0,0,0,0,0,0,0,0,0,0,0,0,NA,"Already graduated after 5 semesters in March 2016, was interested in survery/study, sorry.",Advanced,NA,NA,NA,English in Germany,NA,NA,QC,SECONDARY,FIRST.YEAR.SECONDARY,NA,NA
5169999503,94702335,2017-01-11T20:08:00Z,2017-01-11T20:21:00Z,Agree,Agree,Agree,Strongly agree,Disagree,Disagree,Strongly disagree,Strongly disagree,Not sure,Agree,Disagree,Strongly agree,Agree,Not sure,Disagree,Strongly agree,Not sure,Strongly agree,Disagree,Strongly agree,Agree,Strongly agree,Strongly agree,Agree,Agree,Agree,Disagree,Strongly agree,Agree,Strongly agree,"Since I have spent my gap year in London, it has been my dream to live in England one day, preferably London or Brighton. I love the English language and the way it makes it possible to communicate with a lot of people from many different countries. I believe that studying English will make it easier for me to set foot in England, as it displays a certain level of proficiency.","I think that the German school system is brilliant for learning languages. From what i have experienced, German language teachers at school are incredibly good at teaching other languages. Therefore, studying English at university is not too complicated, as I already had a high level of language skills before doing so which for me means that i do not have to spend an awful lot of time learning vocabulary or studying grammar.","As mentioned above, I would like to live in England one day and since English is the language spoken there, it would have a great role in my future.",1,0,1,0,1,1,1,0,NA,0,0,0,0,0,1,NA,NA,NA,0,0,1,0,0,0,0,0,0,0,NA,18-25,Female,German,Yes,I also speak French and Spanish.,No,No,NA,Other,FOURTH.YEAR.PRIMARY,0,0,1,0,L2.RESOURCES,LA,LA,0,0,1,0,0,0,0,0,0,0,0,0,0,0,0,0,NA,1st semester,Advanced,NA,NA,NA,English in Germany,NA,NA,NA,PRIMARY,FOURTH.YEAR.PRIMARY,L2.RESOURCES,LA
5170332928,94702335,2017-01-12T01:07:00Z,2017-01-12T01:53:00Z,Agree,Agree,Strongly agree,Agree,Not sure,Disagree,Disagree,Disagree,Strongly disagree,Agree,Agree,Agree,Strongly agree,Not sure,Agree,Agree,Agree,Strongly agree,Disagree,Strongly agree,Agree,Agree,Agree,Strongly agree,Strongly agree,Agree,Agree,Strongly agree,Strongly agree,Strongly agree,I like working with children and I would like to become a teacher. English has always been one of my favorite subjects at high school so I would like to share my enthusiasm with my future students. I also enjoy English literature and therefore I'm looking forward to learning more about that soon.,Even though German has a certain status it cannot compete with English on a global level.,"I have a lot of friends in English-speaking countries and I would like to keep in touch with them. English is also likely to be the language I'm going to use when traveling in the future. I would also like to live abroad in an English-speaking country for a certain amount of time. Lastly, as an English teacher English will obviously play a role in my job.",0,0,0,0,1,1,0,0,QC,0,0,0,0,0,1,QC,NA,NA,0,0,1,0,0,0,0,0,0,0,NA,18-25,Female,German,Yes,French and Spanish,French,No,NA,Other,THIRD.YEAR.PRIMARY,0,1,0,0,STUDY.HOLIDAY,LA,LA,0,0,0,0,0,0,0,0,0,0,0,0,0,0,0,0,Schulpsychologie (child psychology),1st semester,Advanced,NA,NA,NA,English in Germany,QC,QC,NA,PRIMARY,THIRD.YEAR.PRIMARY,STUDY.HOLIDAY,LA
5172173113,94702335,2017-01-13T03:50:00Z,2017-01-13T04:02:00Z,Strongly agree,Strongly agree,Strongly agree,Strongly agree,Disagree,Agree,Strongly disagree,Strongly disagree,Agree,Strongly agree,Strongly agree,Strongly agree,Agree,Strongly agree,Strongly agree,Strongly agree,Strongly agree,Strongly agree,Strongly agree,Strongly agree,Strongly agree,Disagree,Agree,Agree,Agree,Not sure,Strongly agree,Strongly agree,Strongly agree,Strongly agree,I'm aspiring to become writer in the English language and English has always been a priority for me.,Being able to use it in my job later & being able to study in an English-speaking country at some point during my studies,It'll play a major role since I plan on performing a job in which English will be my primary language.,1,1,1,0,1,1,1,1,NA,0,0,0,0,0,1,QC,NA,NA,0,0,0,0,0,0,0,1,0,0,NA,18-25,Female,German,Yes,"Spanish, a bit of French",No,No,NA,Other,FOURTH.YEAR.PRIMARY,0,0,0,0,SELF.STUDY,BA in Nordamerikastudien,NA,0,0,1,0,0,0,0,0,0,0,0,0,0,0,0,0,NA,1st semester,Advanced,NA,NA,NA,English in Germany,NA,QC,NA,PRIMARY,FOURTH.YEAR.PRIMARY,SELF.STUDY,NA
5172186674,94702335,2017-01-13T04:00:00Z,2017-01-13T04:06:00Z,Agree,Agree,Agree,Agree,Agree,Not sure,Agree,Not sure,Strongly agree,Agree,Disagree,Strongly agree,Agree,Agree,Agree,Strongly agree,Agree,Strongly agree,Not sure,Agree,Agree,Disagree,Agree,Agree,Agree,Not sure,Agree,Strongly agree,Agree,Agree,NA,NA,NA,1,1,1,1,1,1,0,1,NA,0,1,0,1,0,0,NA,0,/,0,0,0,1,0,0,1,0,1,0,NA,18-25,Male,German,Yes,"Spanish, French, Portugese",Portugese,No,NA,Other,FIRST.YEAR.SECONDARY,0,1,0,0,NA,BA in Nordamerikastudien,NA,0,0,0,0,0,0,0,1,0,0,0,0,0,0,0,0,NA,1st semester,Upper-intermediate,NA,0,0,English in Germany,NA,NA,NA,SECONDARY,FIRST.YEAR.SECONDARY,NA,NA
5172214552,94702335,2017-01-13T04:16:00Z,2017-01-13T04:20:00Z,Agree,Not sure,Agree,Agree,Strongly disagree,Strongly disagree,Strongly disagree,Strongly disagree,Disagree,Agree,Not sure,Agree,Agree,Agree,Agree,Agree,Disagree,Strongly agree,Disagree,Agree,Agree,Not sure,Agree,Agree,Agree,Not sure,Not sure,Agree,Agree,Agree,NA,NA,NA,0,0,0,0,0,0,0,0,NA,0,0,0,0,0,0,NA,NA,NA,0,0,0,0,0,0,0,0,0,0,NA,NA,NA,NA,NA,NA,NA,NA,NA,NA,NA,0,0,0,0,NA,NA,NA,0,0,0,0,0,0,0,0,0,0,0,0,0,0,0,0,NA,NA,NA,NA,NA,NA,English in Germany,NA,NA,NA,NA,NA,NA,NA
5172312249,94702335,2017-01-13T05:17:00Z,2017-01-13T05:29:00Z,Strongly agree,Strongly agree,Strongly agree,Strongly agree,Disagree,Disagree,Disagree,Disagree,Strongly agree,Strongly agree,Not sure,Strongly agree,Agree,Strongly agree,Not sure,Strongly agree,Agree,Strongly agree,Strongly agree,Strongly agree,Strongly agree,Agree,Strongly agree,Agree,Strongly agree,Agree,Strongly agree,Strongly agree,Strongly agree,Strongly agree,I plan on living/working somewhere in an only english speaking country so its kind of a necessity,Its easier to communicate all over the world and it may give me more opportunities in my life later on.,English will be my main language since I plan on living in an english speaking country,1,1,1,0,1,1,1,1,NA,0,0,0,0,0,1,NA,NA,NA,0,0,0,1,0,0,1,0,1,0,NA,18-25,Female,German,No,NA,No,No,NA,Other,SECOND.YEAR.SECONDARY,0,0,0,0,TRAVELLING,BA in Nordamerikastudien,NA,0,0,0,0,0,0,0,0,1,0,0,0,0,0,0,0,NA,1st semester,Advanced,NA,NA,NA,English in Germany,NA,NA,NA,SECONDARY,SECOND.YEAR.SECONDARY,TRAVELLING,NA
5172444835,94702335,2017-01-13T06:45:00Z,2017-01-13T07:00:00Z,Agree,Strongly agree,Strongly agree,Agree,Strongly disagree,Disagree,Strongly disagree,Disagree,Strongly agree,Strongly agree,Agree,Strongly agree,Strongly agree,Agree,Strongly agree,Agree,Agree,Agree,Disagree,Strongly agree,Not sure,Agree,Agree,Agree,Not sure,Agree,Disagree,Strongly agree,Strongly agree,Strongly agree,"A huge part of my everyday entertainment (e.g. youtube,video games) require a certain level of english without i could enjoy them.",Being able to communicate to a huge variaty of people.,I like to think that it will be an important part of my job to interact with people all around the world through english.,1,1,1,1,0,1,0,0,NA,0,0,0,0,0,1,NA,NA,NA,0,1,1,0,0,0,0,0,1,0,NA,18-25,Male,German,Yes,"French,Spanish","French,Spanish",No,NA,Other,FIRST.YEAR.SECONDARY,0,0,0,0,NA,BA in Nordamerikastudien,NA,0,0,1,0,0,0,0,0,0,0,0,0,0,0,0,0,NA,1st semester,Advanced,NA,NA,NA,English in Germany,NA,NA,NA,SECONDARY,FIRST.YEAR.SECONDARY,NA,NA
5173145280,94702335,2017-01-13T21:19:00Z,2017-01-13T21:25:00Z,Strongly agree,Strongly agree,Strongly agree,Agree,Disagree,Strongly disagree,Disagree,Disagree,Agree,Agree,Strongly agree,Strongly agree,Not sure,Agree,Strongly agree,Strongly agree,Agree,Strongly agree,Agree,Strongly agree,Agree,Strongly agree,Strongly agree,Agree,Agree,Agree,Strongly agree,Strongly agree,Strongly agree,Agree,NA,NA,NA,0,0,0,0,0,0,0,0,NA,0,0,0,0,0,0,NA,NA,NA,0,0,0,0,0,0,0,0,0,0,NA,NA,NA,NA,NA,NA,NA,NA,NA,NA,NA,0,0,0,0,NA,NA,NA,0,0,0,0,0,0,0,0,0,0,0,0,0,0,0,0,NA,NA,NA,NA,NA,NA,English in Germany,NA,NA,NA,NA,NA,NA,NA
5177285940,95520369,2017-01-17T22:19:00Z,2017-01-17T22:28:00Z,Strongly agree,Strongly agree,Strongly agree,Strongly agree,Not sure,Strongly agree,Agree,Strongly agree,Strongly agree,Strongly agree,Agree,Strongly agree,Strongly agree,Strongly agree,Strongly agree,Agree,Not sure,Strongly agree,Disagree,Strongly agree,Not sure,Disagree,Agree,Disagree,Disagree,Disagree,Agree,Strongly agree,Strongly agree,Strongly agree,My future job as an English teacher,The ability to communicate with people from other countries.,"As an English teacher, quite a large role.",1,1,1,1,1,1,1,1,NA,1,1,1,0,1,0,NA,1,NA,0,0,1,0,0,0,0,0,0,0,NA,18-25,Male,German,Yes,French,No,Yes,Irish grandfather,Kindergarten,NA,1,0,0,0,NA,LA,LA,0,0,0,0,0,0,0,0,0,0,0,0,0,0,0,0,"Deutsch (Didaktikfach), Sport (Didaktikfach), EWS.",2nd semester,Advanced,NA,0,0,English in Germany,NA,NA,NA,NA,NA,NA,LA
5177302776,95520369,2017-01-17T22:31:00Z,2017-01-17T22:39:00Z,Agree,Agree,Strongly agree,Strongly agree,Disagree,Not sure,Strongly disagree,Not sure,Strongly agree,Agree,Agree,Strongly agree,Agree,Agree,Agree,Strongly agree,Agree,Strongly agree,Not sure,Agree,Agree,Agree,Strongly agree,Agree,Agree,Strongly agree,Agree,Strongly agree,Strongly agree,Strongly agree,I really like the English language and I love being in english speaking countries. Furthermore I'm interested in English literature.,To be able to communicate with most people in the world and to be able to read english books.,"As a student of the english language, I think that english is going to have a main role in my life, I hope to earn money with this ability somehow.",0,1,1,0,1,1,1,0,NA,0,0,0,0,0,1,QC,NA,NA,1,0,0,1,1,0,1,1,1,0,NA,18-25,Female,German,Yes,French,No,No,NA,Kindergarten,NA,0,1,0,0,NA,BA in Anglistik,NA,0,0,1,0,0,0,0,0,0,0,0,0,0,0,0,0,NA,1st semester,Upper-intermediate,NA,NA,NA,English in Germany,NA,QC,NA,NA,NA,NA,NA
5178030032,94702335,2017-01-18T05:09:00Z,2017-01-18T05:22:00Z,Strongly agree,Agree,Agree,Strongly agree,Agree,Disagree,Strongly disagree,Disagree,Agree,Strongly agree,Agree,Strongly agree,Strongly agree,Agree,Strongly agree,Strongly agree,Agree,Strongly agree,Agree,Strongly agree,Agree,Strongly agree,Strongly agree,Strongly agree,Strongly agree,Strongly agree,Strongly agree,Agree,Strongly agree,Strongly agree,"English gives me the possibility to communicate with people all over th world. It's great to be able to travel and talk to people almost everywhere. Also, a lot of important literature, music and media is in English. I have access to a deeper understanding of what moves people all over the world.",It can help me find an international job. Also it makes travelling a lot easier. On top of that I will be able to read and completely understand Shakespeare and I always wanted to be able to do that!,I want to be an English teacher and inspire young people to broaden their horizons and to find a way to communicate worldwide.,0,1,1,0,1,0,1,1,NA,1,0,1,0,0,0,NA,NA,NA,0,0,1,0,0,0,0,0,0,0,NA,18-25,Female,German,Yes,"Italian, French ( a bit) and Latin",Italian,No,NA,Other,THIRD.YEAR.PRIMARY,0,0,0,0,NA,LA,NA,0,0,0,0,0,0,0,0,0,0,0,0,0,0,0,0,NA,1st semester,Advanced,NA,NA,NA,English in Germany,NA,NA,NA,PRIMARY,THIRD.YEAR.PRIMARY,NA,NA
5178165771,94702335,2017-01-18T06:28:00Z,2017-01-18T07:04:00Z,Strongly agree,Strongly agree,Strongly agree,Strongly agree,Disagree,Disagree,Strongly disagree,Not sure,Strongly agree,Agree,Disagree,Agree,Not sure,Not sure,Agree,Not sure,Not sure,Strongly agree,Not sure,Agree,Agree,Not sure,Not sure,Not sure,Not sure,Not sure,Agree,Strongly agree,Strongly agree,Strongly agree,I guess its because of the associations I have with English. Its nice to speak several languages and be able to communicate with almost everyone on the planet.,It shows you another side of the language. English at university level goes much more into detail than school English. The knowledge of historical transformation and all parts of linguistics of English bring you closer to the language itself and let you forget that its only your second or third language.,"Its not clear which role English will have in my future, but I can imagine to migrate to an english-speaking country one day.",0,1,1,0,0,0,1,1,QC,0,0,0,0,0,1,QC,NA,NA,0,0,0,0,1,0,1,1,1,0,NA,18-25,Male,Russian,Yes,German,Russian,No,NA,Other,FIRST.YEAR.SECONDARY,0,0,0,0,TRAVELLING,BA in Anglistik,NA,0,0,1,0,0,0,0,0,0,0,0,0,0,0,0,0,NA,1st semester,Advanced,NA,NA,NA,English in Germany,QC,QC,NA,SECONDARY,FIRST.YEAR.SECONDARY,TRAVELLING,NA
5183533715,95520369,2017-01-21T23:51:00Z,2017-01-22T00:10:00Z,Strongly agree,Strongly agree,Strongly agree,Strongly agree,Disagree,Disagree,Disagree,Strongly disagree,Disagree,Strongly agree,Strongly agree,Strongly agree,Agree,Strongly agree,Strongly agree,Strongly agree,Agree,Strongly agree,Agree,Strongly agree,Strongly agree,Agree,Agree,Agree,Strongly agree,Agree,Strongly agree,Strongly agree,Strongly agree,Strongly agree,job outlook,deeper knowledge of the language,"Me teaching it to younger students,
communicate globally",1,1,1,1,1,1,1,1,NA,1,0,1,0,0,0,QC,1,NA,1,1,1,0,0,0,0,0,0,0,NA,18-25,Female,German,Yes,french,No,No,NA,Other,BILINGUAL,0,1,0,0,STUDY.HOLIDAY,LA,LA,0,0,1,0,0,0,0,0,0,0,0,0,0,0,0,0,Geography,3rd semester,Upper-intermediate,NA,0,0,English in Germany,NA,QC,NA,BILINGUAL,BILINGUAL,STUDY.HOLIDAY,LA
5183546048,95520369,2017-01-22T00:11:00Z,2017-01-22T00:24:00Z,Strongly agree,Strongly agree,Agree,Strongly agree,Not sure,Agree,Strongly disagree,Strongly disagree,Strongly agree,Strongly agree,Agree,Strongly agree,Agree,Strongly agree,Agree,Strongly agree,Not sure,Strongly agree,Strongly agree,Strongly agree,Disagree,Agree,Strongly agree,Strongly agree,Strongly agree,Strongly agree,Not sure,Agree,Strongly agree,Strongly agree,"- better job
- better use and speaking of English
- I absolutely love the language",- better job access,I want to become a journalist and I really dream of working for an english tv channel or radio station so it's an absolute necessity.,1,1,1,0,0,1,0,0,NA,0,0,0,0,0,1,NA,NA,NA,0,0,0,0,0,0,0,1,0,0,NA,18-25,Female,German,Yes,french and a bit of spanish,french and spanish,No,NA,Other,THIRD.YEAR.PRIMARY,0,0,0,0,NA,BA in Anglistik,NA,0,0,1,0,0,0,0,0,0,0,0,0,0,0,0,0,NA,1st semester,Upper-intermediate,NA,NA,NA,English in Germany,NA,NA,NA,PRIMARY,THIRD.YEAR.PRIMARY,NA,NA
5184080156,95520369,2017-01-22T19:50:00Z,2017-01-22T19:58:00Z,Strongly agree,Strongly agree,Agree,Agree,Disagree,Not sure,Strongly disagree,Disagree,Not sure,Agree,Not sure,Agree,Agree,Agree,Agree,Agree,Not sure,Strongly agree,Agree,Strongly agree,Agree,Agree,Strongly agree,Agree,Strongly agree,Agree,Agree,Agree,Strongly agree,Strongly agree,To improve my spelling skills and feel comfortable around people all over the world,you'll get to know more about the culture and people and whether if it's the thing you really want to do it will help you with jobs internationally.,"I want to go abroad and live, work and study there. English would help me to easier get a job or apply at a uni.",1,1,1,0,0,1,0,0,QC,0,0,0,0,0,1,MEDIA,NA,NA,0,0,0,0,0,0,0,1,0,0,QC,18-25,Female,German,Yes,"French, Polish, Netherlands.",Netherlands,No,NA,Other,THIRD.YEAR.PRIMARY,0,0,0,0,LIVING.L2,BA in Anglistik,NA,0,0,1,0,0,0,0,0,0,0,0,0,0,0,0,0,NA,1st semester,Advanced,NA,NA,NA,English in Germany,QC,MEDIA,QC,PRIMARY,THIRD.YEAR.PRIMARY,LIVING.L2,NA
5184083495,95520369,2017-01-22T19:58:00Z,2017-01-22T20:07:00Z,Not sure,Strongly agree,Strongly agree,Agree,Not sure,Strongly agree,Disagree,Not sure,Strongly agree,Strongly agree,Not sure,Strongly agree,Not sure,Not sure,Agree,Agree,Not sure,Strongly agree,Disagree,Strongly agree,Strongly agree,Not sure,Agree,Agree,Agree,Agree,Disagree,Agree,Strongly agree,Agree,I like the language and everyone always told me I'm a language person,"Not sure. I chose it because I really like english. Many people think that ""normal"" german school english standards are already high",I don't want to stay in Germany forever and have already lived abroad (New Zealand). So I hope this will help me.,0,1,1,0,0,0,0,0,NA,1,0,0,0,0,0,NA,1,NA,1,0,0,0,1,0,0,1,1,0,NA,18-25,Female,German,Yes,French,No,No,NA,Other,THIRD.YEAR.PRIMARY,0,1,0,0,LIVING.L2,BA in Anglistik,NA,0,0,0,0,0,1,0,0,0,0,0,0,0,0,0,0,NA,1st semester,Advanced,NA,0,0,English in Germany,NA,NA,NA,PRIMARY,THIRD.YEAR.PRIMARY,LIVING.L2,NA
5184087529,95520369,2017-01-22T20:08:00Z,2017-01-22T20:12:00Z,Not sure,Agree,Agree,Not sure,Agree,Not sure,Disagree,Disagree,Agree,Agree,Disagree,Not sure,Agree,Not sure,Agree,Agree,Not sure,Agree,Not sure,Agree,Not sure,Agree,Agree,Agree,Agree,Agree,Not sure,Agree,Agree,Agree,NA,NA,NA,0,0,1,0,0,1,1,1,NA,0,0,1,0,0,0,NA,1,NA,1,0,0,0,0,0,0,0,1,0,NA,18-25,Female,German,Yes,Spanish,No,No,NA,Kindergarten,NA,0,0,0,0,NA,BA in Anglistik,NA,0,0,0,0,0,0,0,0,1,0,0,0,0,0,0,0,NA,1st semester,Upper-intermediate,NA,0,0,English in Germany,NA,NA,NA,NA,NA,NA,NA
5184089190,95520369,2017-01-22T20:12:00Z,2017-01-22T20:20:00Z,Strongly agree,Strongly agree,Agree,Strongly agree,Disagree,Not sure,Strongly disagree,Disagree,Agree,Strongly agree,Agree,Strongly agree,Not sure,Strongly agree,Strongly agree,Strongly agree,Agree,Strongly agree,Not sure,Strongly agree,Strongly agree,Strongly agree,Strongly agree,Agree,Strongly agree,Strongly agree,Strongly agree,Strongly agree,Strongly agree,Strongly agree,Mostly a great love of languages in general and especially English and cultural aspects correlating with the language,Hopefully to master the English language as proficient as possible; personally I don't think that my mother tongue gives me any advantages aside from some prejudices about German work ethics.,Hopefully a big role in a stable job; regular use in everyday life would be my goal,1,1,1,0,1,1,1,1,NA,0,0,0,0,0,1,NA,NA,NA,1,0,0,0,1,0,1,1,0,0,QC,18-25,Female,German,Yes,"French, some Italian",French,No,NA,First year of primary school,NA,0,0,0,0,SELF.STUDY,BA in Anglistik,NA,0,0,1,0,0,0,0,0,0,0,0,0,0,0,0,0,NA,1st semester,Upper-intermediate,NA,NA,NA,English in Germany,NA,NA,QC,NA,NA,SELF.STUDY,NA
5184092184,95520369,2017-01-22T20:20:00Z,2017-01-22T20:31:00Z,Agree,Strongly agree,Strongly agree,Strongly agree,Disagree,Strongly agree,Strongly disagree,Strongly disagree,Strongly agree,Strongly agree,Agree,Agree,Agree,Strongly agree,Agree,Strongly agree,Agree,Strongly agree,Strongly agree,Strongly agree,Strongly agree,Agree,Strongly agree,Agree,Strongly agree,Not sure,Agree,Agree,Strongly agree,Strongly agree,"I always loved the English language and wanted to study abroad in an english speaking country (which I did). In order to stay in touch with the friends I found there, it's important to improve my English steadily.","In every big company, English is an important factor, so whatever job you'll take, English will help you improve your job status and, hence benefit your career. Unlike German nearly everybody around the world is able to communicate in English.",English has always been and will always be an important part of my life. Starting with small things such as watching English/American movies in their original language and ending with huge things such as finding a job where I need my English daily.,1,1,1,0,0,1,0,1,NA,0,1,1,0,0,0,QC,1,NA,1,1,1,0,0,0,0,0,0,0,NOT.SURE,18-25,Female,German,Yes,Spanish,Spanish,No,NA,First year of primary school,NA,0,0,1,0,NA,BA in Anglistik,NA,0,0,1,0,0,0,0,0,0,0,0,0,0,0,0,0,NA,1st semester,Advanced,NA,0,0,English in Germany,NA,QC,NOT.SURE,NA,NA,NA,NA
5184096580,95520369,2017-01-22T20:31:00Z,2017-01-22T20:39:00Z,Strongly agree,Strongly agree,Strongly agree,Strongly agree,Not sure,Not sure,Disagree,Not sure,Strongly agree,Strongly agree,Strongly agree,Strongly agree,Not sure,Agree,Strongly agree,Strongly agree,Not sure,Strongly agree,Strongly agree,Strongly agree,Strongly agree,Agree,Strongly agree,Strongly agree,Strongly agree,Strongly agree,Strongly agree,Strongly agree,Strongly agree,Strongly agree,"I love the language, I want to speak English everyday, I feel a lot more open and expressive when I'm speaking English.","I'm planning on working in an English speaking country, I want to be able to communicate with anyone.",I want to live in an English speaking country and communicate in English only.,1,1,1,0,0,0,1,1,NA,1,1,0,0,0,0,NA,1,NA,0,1,0,0,0,0,0,0,0,0,LAW,18-25,Female,German,No,NA,No,No,NA,Other,FIRST.YEAR.SECONDARY,0,1,1,0,TRAVEL.FRIENDS.L2.RESOURCES,BA in Anglistik,NA,0,0,0,0,0,0,0,1,0,0,0,0,0,0,0,0,NA,1st semester,Advanced,NA,0,0,English in Germany,NA,NA,LAW,SECONDARY,FIRST.YEAR.SECONDARY,TRAVEL.FRIENDS.L2.RESOURCES,NA
5184099809,95520369,2017-01-22T20:39:00Z,2017-01-22T20:47:00Z,Strongly agree,Strongly agree,Strongly agree,Strongly agree,Disagree,Strongly agree,Strongly disagree,Disagree,Agree,Strongly agree,Strongly agree,Strongly agree,Strongly agree,Agree,Agree,Strongly agree,Not sure,Strongly agree,Agree,Strongly agree,Agree,Not sure,Agree,Agree,Agree,Agree,Agree,Strongly agree,Strongly agree,Strongly agree,I want to be able to communicate all over the world and have a job that is very international.,To be able to use English on a more academic level and maybe strengthen the connections between Germany and English-speaking countries.,My job will definitely involve a lot of English and I will for sure use English for leisure activities and travelling.,1,0,1,0,1,0,1,1,QC,1,1,0,0,0,0,QC,1,NA,1,0,0,0,1,0,0,1,1,0,NA,18-25,Female,German,Yes,I learnt French for 5 years in school.,No,No,NA,Other,THIRD.YEAR.PRIMARY,0,0,1,0,NA,BA in Anglistik,NA,0,0,1,0,0,0,0,0,0,0,0,0,0,0,0,0,NA,1st semester,Advanced,NA,0,0,English in Germany,QC,QC,NA,PRIMARY,THIRD.YEAR.PRIMARY,NA,NA
5184102950,95520369,2017-01-22T20:47:00Z,2017-01-22T20:54:00Z,Agree,Agree,Strongly agree,Strongly agree,Not sure,Disagree,Strongly disagree,Disagree,Disagree,Strongly agree,Not sure,Agree,Strongly agree,Agree,Not sure,Agree,Agree,Agree,Not sure,Strongly agree,Agree,Agree,Strongly agree,Agree,Strongly agree,Agree,Strongly disagree,Agree,Agree,Agree,"I always liked the language and watched movies, series and read books in English. It also was my favourite class when I was at school.","Both are really important languages, but English is a universal one, so it gives you more chances to get a job because you can get into many markets","I hope a very important one, I want to be able to work somewhere where my English skills come in handy.",1,0,0,0,0,1,0,0,NA,0,0,0,0,0,1,NA,NA,NA,1,0,0,0,0,0,1,1,1,0,NA,18-25,Male,Spanish,Yes,German and French,French,No,NA,Other,FIRST.YEAR.SECONDARY,0,0,0,0,NA,BA in Anglistik,NA,0,0,1,0,0,0,0,0,0,0,0,0,0,0,0,0,NA,1st semester,Advanced,NA,NA,NA,English in Germany,NA,NA,NA,SECONDARY,FIRST.YEAR.SECONDARY,NA,NA
5184105809,95520369,2017-01-22T20:54:00Z,2017-01-22T21:01:00Z,Strongly agree,Agree,Agree,Agree,Disagree,Not sure,Disagree,Not sure,Agree,Strongly agree,Disagree,Agree,Strongly agree,Agree,Not sure,Agree,Not sure,Agree,Disagree,Agree,Not sure,Agree,Agree,Agree,Agree,Agree,Agree,Strongly agree,Strongly agree,Agree,It's fun to learn it and I like the language.,"I think I will have better job application chances and also personally while travelling, it'll be an advantage.",Don't know yet.,0,1,1,0,1,1,0,0,NA,0,0,1,0,0,0,NA,1,NA,1,0,0,0,0,0,0,1,0,0,PUBLISHING,18-25,Female,German,Yes,"Tamil, Singhalese",No,No,NA,Other,THIRD.YEAR.PRIMARY,0,0,0,0,NA,BA in Anglistik,NA,0,0,1,0,0,0,0,0,0,0,0,0,0,0,0,0,NA,1st semester,Intermediate,NA,0,0,English in Germany,NA,NA,PUBLISHING,PRIMARY,THIRD.YEAR.PRIMARY,NA,NA
5184108980,95520369,2017-01-22T21:02:00Z,2017-01-22T21:07:00Z,Strongly agree,Agree,Strongly agree,Agree,Disagree,Disagree,Strongly disagree,Disagree,Agree,Agree,Disagree,Agree,Not sure,Not sure,Agree,Agree,Not sure,Not sure,Disagree,Agree,Agree,Agree,Strongly agree,Agree,Agree,Agree,Agree,Strongly agree,Agree,Strongly agree,I want to become an English teacher.,Being able to communicate with nearly everyone on the planet.,"Hopefully, I'm going to be an english teacher, so I'd say it's quite important for me to know this language.",0,1,1,0,1,0,1,0,NA,0,0,0,0,0,1,M.NO.EXTERNAL.FACTORS,NA,NA,0,0,1,0,0,0,0,0,0,0,NA,18-25,Male,German,No,NA,No,No,NA,Other,THIRD.YEAR.PRIMARY,0,0,0,0,NA,LA,LA,0,0,0,0,0,0,0,0,0,0,0,0,0,0,0,0,NA,3rd semester,Upper-intermediate,NA,NA,NA,English in Germany,NA,M.NO.EXTERNAL.FACTORS,NA,PRIMARY,THIRD.YEAR.PRIMARY,NA,LA
5184271637,95520369,2017-01-23T02:29:00Z,2017-01-23T02:36:00Z,Strongly agree,Agree,Strongly agree,Agree,Agree,Not sure,Agree,Not sure,Agree,Agree,Strongly agree,Strongly agree,Agree,Strongly agree,Strongly agree,Agree,Agree,Not sure,Agree,Strongly agree,Disagree,Strongly agree,Strongly agree,Strongly agree,Agree,Agree,Strongly agree,Strongly agree,Strongly agree,Strongly agree,My future aim is to become a teacher in secondary or tertiary education.,"There's the opportunity not only to learn English in everyday life but also have the background knowledge (literature, linguistics) etc.","To be an active part in a more and more getting globalised world, English is an essential key language for a general communication.",1,1,1,0,1,1,1,1,ABLE.TO.COMMUNICATE,0,0,1,1,0,0,MEDIA,1,NA,0,1,1,1,1,1,1,1,0,0,NA,18-25,Male,German,Yes,French,No,No,NA,First year of primary school,NA,0,0,0,0,COURSE,NA,NA,0,0,0,0,0,0,0,0,0,0,0,0,0,0,0,0,NA,5th semester,Advanced,NA,0,0,English in Germany,ABLE.TO.COMMUNICATE,MEDIA,NA,NA,NA,COURSE,NA
5184275607,95520369,2017-01-23T02:36:00Z,2017-01-23T02:41:00Z,Not sure,Agree,Agree,Agree,Not sure,Agree,Strongly disagree,Strongly disagree,Agree,Strongly agree,Disagree,Agree,Not sure,Agree,Not sure,Agree,Disagree,Agree,Disagree,Strongly agree,Disagree,Not sure,Disagree,Agree,Agree,Agree,Agree,Agree,Agree,Agree,to communicate with most people around the world,being able to speak to people from other countries,I'm going to teach English at primary schools.,0,0,1,0,1,0,1,0,NA,1,0,1,0,0,0,NA,1,NA,0,0,1,0,0,0,0,0,0,0,NA,18-25,Female,German,Yes,Italian,No,No,NA,Other,THIRD.YEAR.PRIMARY,0,0,0,0,TRAVELLING,LA,LA,0,0,0,0,0,0,0,0,0,0,0,0,0,0,0,0,"Maths, German, Arts",1st semester,Upper-intermediate,NA,0,0,English in Germany,NA,NA,NA,PRIMARY,THIRD.YEAR.PRIMARY,TRAVELLING,LA
5184278532,95520369,2017-01-23T02:41:00Z,2017-01-23T02:48:00Z,Not sure,Agree,Agree,Agree,Agree,Agree,Disagree,Disagree,Agree,Strongly agree,Agree,Agree,Strongly agree,Not sure,Agree,Agree,Not sure,Strongly agree,Agree,Strongly agree,Agree,Agree,Agree,Strongly agree,Strongly agree,Agree,Not sure,Agree,Agree,Strongly agree,My main motivation is being able to speak English fluently and wanting to write in English someday.,Being able to use English in jobs and at a global level communicating with almost everyone.,I want to work at an English company and maybe move to England.,1,1,1,0,0,0,1,1,NA,0,1,1,0,0,0,NA,1,NA,1,0,0,0,0,0,0,1,0,0,NA,18-25,Female,German,Yes,"Spanish, Norwegian",German,No,NA,First year of primary school,NA,0,0,0,0,NA,BA in Anglistik,NA,0,0,1,0,0,0,0,0,0,0,0,0,0,0,0,0,NA,1st semester,Upper-intermediate,NA,0,0,English in Germany,NA,NA,NA,NA,NA,NA,NA
5184282242,95520369,2017-01-23T02:48:00Z,2017-01-23T02:53:00Z,Not sure,Agree,Agree,Agree,Not sure,Not sure,Disagree,Disagree,Strongly agree,Strongly agree,Disagree,Not sure,Agree,Agree,Agree,Strongly agree,Agree,Agree,Not sure,Agree,Not sure,Agree,Agree,Agree,Agree,Not sure,Agree,Agree,Strongly agree,Agree,A lot of elements in our culture are already dominated by english influence it only makes sense to learn english properly.,see above and below,It enables me to communicate with more people and I would like to live abroad again,1,1,0,0,1,1,1,0,NA,0,0,0,1,0,0,NA,1,NA,0,0,0,1,0,0,1,0,0,0,NA,26-30,Female,German,Yes,French,No,No,NA,Other,FIRST.YEAR.SECONDARY,0,0,1,0,NA,NA,NA,0,0,0,0,0,0,0,0,0,0,0,0,0,0,0,0,NA,6th semester,Upper-intermediate,NA,0,0,English in Germany,NA,NA,NA,SECONDARY,FIRST.YEAR.SECONDARY,NA,NA
5184285768,95520369,2017-01-23T02:54:00Z,2017-01-23T02:59:00Z,Agree,Strongly agree,Strongly agree,Strongly agree,Disagree,Disagree,Strongly disagree,Strongly disagree,Agree,Strongly agree,Disagree,Agree,Strongly agree,Not sure,Not sure,Agree,Disagree,Agree,Disagree,Strongly agree,Not sure,Disagree,Agree,Strongly agree,Strongly agree,Agree,Disagree,Strongly agree,Agree,Agree,I want to teach english in non-english speaking countries and studying english is a good way to go.,I will be able to speak both languages fluently & at an academic level.,I believe it will be the main point of my future job,0,1,1,0,0,0,1,0,BILINGUAL,0,0,0,0,0,1,NA,NA,NA,1,0,1,0,0,0,0,0,0,1,NA,18-25,Female,English,Yes,"French, Chinese (beginner)",Chinese,Yes,American,Other,BILINGUAL,0,0,0,0,NA,BA in Anglistik,NA,0,0,0,0,0,0,0,0,0,0,0,0,0,0,1,0,NA,1st semester,Advanced,NA,NA,NA,English in Germany,BILINGUAL,NA,NA,BILINGUAL,BILINGUAL,NA,NA
5184288871,95520369,2017-01-23T02:59:00Z,2017-01-23T03:29:00Z,Strongly agree,Strongly agree,Agree,Agree,Not sure,Disagree,Disagree,Disagree,Strongly agree,Agree,Not sure,Agree,Agree,Agree,Agree,Strongly agree,Not sure,Strongly agree,Agree,Strongly agree,Strongly agree,Agree,Strongly agree,Disagree,Not sure,Agree,Agree,Not sure,Agree,Agree,English literature,NA,Maybe GB is my next homecountry,0,1,1,0,0,0,1,1,NA,0,0,0,0,0,1,NA,NA,NA,0,0,0,1,0,0,1,0,1,0,NA,18-25,Female,German,Yes,"Italian, Greek, Arabic (Latin, historian Greek)",Arabic,No,NA,Other,SECOND.YEAR.SECONDARY,0,1,0,0,NA,BA in Anglistik,NA,0,0,1,0,0,0,0,0,0,0,0,0,0,0,0,0,NA,1st semester,Intermediate,NA,NA,NA,English in Germany,NA,NA,NA,SECONDARY,SECOND.YEAR.SECONDARY,NA,NA
5184308773,95520369,2017-01-23T03:33:00Z,2017-01-23T03:38:00Z,Strongly agree,Agree,Agree,Agree,Disagree,Strongly agree,Strongly disagree,Strongly disagree,Agree,Strongly agree,Agree,Strongly agree,Not sure,Agree,Agree,Agree,Not sure,Strongly agree,Not sure,Strongly agree,Strongly agree,Strongly agree,Agree,Agree,Agree,Agree,Not sure,Strongly agree,Agree,Agree,Being able to work internationally.,NA,I would like to translate novels / literature into German,0,1,1,0,0,0,1,0,NA,0,0,0,0,0,0,MEDIA (CELEBRITIES),1,NA,1,0,0,1,0,0,0,0,0,0,NA,18-25,Female,German,No,NA,No,No,NA,Other,FIRST.YEAR.SECONDARY,0,0,0,0,L2.RESOURCES,BA in Anglistik,NA,0,0,1,0,0,0,0,0,0,0,0,0,0,0,0,0,NA,1st semester,Upper-intermediate,NA,0,0,English in Germany,NA,MEDIA (CELEBRITIES),NA,SECONDARY,FIRST.YEAR.SECONDARY,L2.RESOURCES,NA
5184311630,95520369,2017-01-23T03:38:00Z,2017-01-23T03:43:00Z,Strongly agree,Strongly agree,Strongly agree,Strongly agree,Strongly agree,Not sure,Disagree,Disagree,Not sure,Strongly agree,Not sure,Strongly agree,Strongly agree,Strongly agree,Not sure,Strongly agree,Not sure,Strongly agree,Not sure,Strongly agree,Strongly agree,Agree,Agree,Agree,Agree,Agree,Not sure,Strongly agree,Strongly agree,Strongly agree,English is an interesting language with a lot of variety.,It is harder to learn German than to learn English so I am glad that it's my mother tongue. Learning English at university level sometimes can be quite challenging but afterwards I hopefully will be fluid in spoken and written English.,I hope to work in Film/ Television and since the US are the leading country in that area I will definitely need English,1,1,0,0,0,1,1,0,NA,0,0,0,0,0,1,NA,NA,NA,0,0,0,0,0,0,0,0,0,0,MEDIA,18-25,Male,German,Yes,Spanish (Latin American),No,No,NA,Other,THIRD.YEAR.PRIMARY,0,0,1,0,L2.RESOURCES,BA in Anglistik,NA,0,0,0,0,0,0,0,0,0,1,0,0,0,0,0,0,NA,1st semester,Advanced,NA,NA,NA,English in Germany,NA,NA,MEDIA,PRIMARY,THIRD.YEAR.PRIMARY,L2.RESOURCES,NA
5184315284,95520369,2017-01-23T03:44:00Z,2017-01-23T03:48:00Z,Agree,Not sure,Strongly agree,Disagree,Disagree,Disagree,Disagree,Strongly disagree,Strongly agree,Agree,Disagree,Agree,Not sure,Not sure,Agree,Not sure,Disagree,Agree,Disagree,Agree,Disagree,Strongly agree,Strongly agree,Agree,Strongly agree,Agree,Not sure,Agree,Agree,Agree,Becoming a teacher to teach students/pupils how to use English,- helps me to get a job,- main part of my future job,0,1,0,0,0,1,0,0,NA,0,0,1,0,0,0,NA,NA,NA,0,1,1,0,0,0,0,0,0,0,NA,NA,NA,NA,NA,NA,NA,NA,NA,NA,NA,0,0,0,0,NA,NA,NA,0,0,0,0,0,0,0,0,0,0,0,0,0,0,0,0,NA,1st semester,Upper-intermediate,NA,NA,NA,English in Germany,NA,NA,NA,NA,NA,NA,NA
5184318303,95520369,2017-01-23T03:50:00Z,2017-01-23T03:55:00Z,Strongly agree,Strongly agree,Strongly agree,Strongly agree,Strongly disagree,Agree,Strongly disagree,Strongly disagree,Agree,Strongly agree,Strongly agree,Strongly agree,Not sure,Strongly agree,Agree,Strongly agree,Not sure,Strongly agree,Not sure,Strongly agree,Strongly agree,Agree,Strongly agree,Disagree,Agree,Agree,Strongly agree,Strongly agree,Strongly agree,Strongly agree,I love the language and the different cultures in English-speaking countries. Being able to communicate in English allows me to interact with people in the whole world.,"More people in the world speak English than German. So, I will be able to get in contact with more international people.","I hope I will use English actively in whatever job I might have. Also, I would really like to live in England or Scotland.",0,1,1,0,1,1,1,0,QC,0,1,0,0,0,0,QC,1,NA,1,0,0,0,0,0,0,1,0,0,NA,18-25,Female,German,Yes,Spanish and French,No,No,NA,Other,THIRD.YEAR.PRIMARY,0,1,0,0,NA,BA in Anglistik,NA,0,0,0,0,0,0,0,0,0,1,0,0,0,0,0,0,NA,1st semester,Advanced,NA,0,0,English in Germany,QC,QC,NA,PRIMARY,THIRD.YEAR.PRIMARY,NA,NA
5184877546,95520369,2017-01-23T19:56:00Z,2017-01-23T20:02:00Z,Agree,Strongly agree,Agree,Agree,Not sure,Disagree,Disagree,Not sure,Disagree,Agree,Agree,Agree,Agree,Not sure,Agree,Not sure,Not sure,Agree,Not sure,Agree,Agree,Agree,Agree,Strongly agree,Agree,Agree,Not sure,Agree,Agree,Not sure,"I like the language, it was fun to learn at school and it's the only subject I'd like to improve and use in my future.","German is a pretty hard language to learn for foreigners, so it makes interactions with foreign people easier when you are able to speak and write good English.","It would be great if I had a job that has to do with English (translating), so that I use it on a daily basis.",0,1,1,0,0,0,1,0,NA,0,0,0,0,0,1,NA,NA,NA,1,0,1,0,1,0,0,0,0,0,NA,18-25,Female,German,No,NA,Italian,No,NA,Other,NA,0,0,0,0,FRIENDS,BA in Anglistik,NA,0,0,1,0,0,0,0,0,0,0,0,0,0,0,0,0,NA,1st semester,Upper-intermediate,NA,NA,NA,English in Germany,NA,NA,NA,NA,NA,FRIENDS,NA
5184882893,95520369,2017-01-23T20:03:00Z,2017-01-23T20:10:00Z,Strongly agree,Strongly agree,Strongly agree,Strongly agree,Not sure,Strongly disagree,Strongly disagree,Disagree,Not sure,Strongly agree,Agree,Agree,Strongly agree,Agree,Agree,Strongly agree,Disagree,Strongly agree,Strongly agree,Strongly agree,Strongly agree,Strongly agree,Agree,Agree,Agree,Agree,Agree,Strongly agree,Strongly agree,Strongly agree,communicating with other people,"being able to create high standard texts 
communicate in every area of life (job, friends)","Becoming an English teacher, the english language will have a huge part in my life, doing exchanges, improving myself and teaching and showing children the amazing world outside of the german language.",0,0,1,1,1,0,1,1,NA,0,0,1,0,0,0,QC,1,NA,0,1,1,0,0,0,0,0,0,0,NA,18-25,Female,German,Yes,French,No,No,NA,Kindergarten,NA,0,0,1,0,NA,LA,LA,0,0,0,0,0,0,0,0,0,0,0,0,0,0,0,0,"Sport, EWS",1st semester,Upper-intermediate,NA,0,0,English in Germany,NA,QC,NA,NA,NA,NA,LA
5184888963,95520369,2017-01-23T20:10:00Z,2017-01-23T20:16:00Z,Strongly agree,Not sure,Agree,Agree,Not sure,Not sure,Strongly disagree,Strongly disagree,Strongly agree,Agree,Disagree,Agree,Strongly agree,Strongly agree,Agree,Agree,Agree,Strongly agree,Disagree,Strongly agree,Agree,Agree,Agree,Agree,Agree,Strongly agree,Agree,Strongly agree,Strongly agree,Agree,"- Learn grammar & vocab
- communicate all over the world","- gute Job Aussichten 
","- Kommunikation mit Geschäftspartnern
- Internationale Kunden anwerben
- Verständnis auf Reisen",1,1,1,0,0,1,1,0,NA,0,0,0,0,0,1,QC,NA,NA,0,0,0,0,0,0,0,0,0,1,NA,18-25,Male,German,Yes,"French, Latin",No,No,NA,First year of primary school,NA,0,0,1,0,NA,LA,LA,0,0,0,0,0,0,0,0,0,0,0,0,0,0,0,0,"EWS (Pädagogik), Geographie",1st semester,Upper-intermediate,NA,NA,NA,English in Germany,NA,QC,NA,NA,NA,NA,LA
5184893681,95520369,2017-01-23T20:16:00Z,2017-01-23T20:22:00Z,Strongly agree,Strongly agree,Strongly agree,Strongly agree,Strongly disagree,Strongly agree,Strongly disagree,Strongly disagree,Agree,Strongly agree,Not sure,Strongly agree,Agree,Agree,Agree,Agree,Not sure,Strongly agree,Disagree,Strongly agree,Agree,Agree,Agree,Agree,Agree,Agree,Not sure,Strongly agree,Strongly agree,Strongly agree,I love the English language and since I've been on exchange I want to keep improving my skills.,"I think it's important to be able to communicate with people from all over the world. If I learn English at university level, it shouldn't be a problem to talk to people from other countries anymore.","Since I want to become an English teacher, the English language will have a big role in my future.",0,1,1,0,0,1,1,1,ABLE.TO.COMMUNICATE,0,0,0,0,0,1,QC,NA,NA,0,0,1,0,0,0,0,0,0,0,NA,18-25,Female,German,Yes,Spanish,No,No,NA,Other,FOURTH.YEAR.PRIMARY,0,0,1,0,NA,LA,LA,0,0,0,0,0,0,0,0,0,0,0,0,0,0,0,0,PE,1st semester,Upper-intermediate,NA,NA,NA,English in Germany,ABLE.TO.COMMUNICATE,QC,NA,PRIMARY,FOURTH.YEAR.PRIMARY,NA,LA
5184898799,95520369,2017-01-23T20:22:00Z,2017-01-23T20:29:00Z,Strongly agree,Strongly agree,Strongly agree,Agree,Not sure,Not sure,Disagree,Disagree,Agree,Strongly agree,Agree,Agree,Strongly agree,Strongly agree,Strongly agree,Strongly agree,Not sure,Agree,Not sure,Strongly agree,Agree,Strongly agree,Strongly agree,Strongly agree,Strongly agree,Strongly agree,Agree,Strongly agree,Agree,Strongly agree,"I want to become a teacher for English and History. Also in times of globalization it's necessary to be able to speak and understand english. Apart from that I have big interest in American/British culture, politics etc.","Since I want to work as an English teacher, it's simply necessary.",A central role -> english teacher,0,1,1,0,1,0,0,1,NA,0,0,1,0,0,0,NA,1,NA,0,0,1,0,0,0,0,0,0,0,NA,18-25,Male,German,Yes,Spanish,No,No,NA,Other,THIRD.YEAR.PRIMARY,0,0,0,0,NA,LA,LA,0,0,0,0,0,1,0,0,0,0,0,0,0,0,0,0,NA,2nd semester,Advanced,NA,0,0,English in Germany,NA,NA,NA,PRIMARY,THIRD.YEAR.PRIMARY,NA,LA
5184904498,95520369,2017-01-23T20:29:00Z,2017-01-23T20:35:00Z,Disagree,Strongly agree,Strongly agree,Not sure,Disagree,Strongly agree,Strongly disagree,Strongly disagree,Disagree,Agree,Disagree,Agree,Agree,Not sure,Agree,Agree,Not sure,Strongly agree,Not sure,Agree,Agree,Not sure,Agree,Agree,Agree,Agree,Disagree,Agree,Agree,Agree,I've always loved English. When I chose my main subject I decided to study the subject I am most interested in.,"Many companies are looking for employees with excellent English-skills (writing, reading & speaking)","I would love to work with books in the future, maybe become an editor or a translator. If I succeed it would have a big role since I would be using it daily.",0,1,0,0,0,1,0,0,NA,1,0,0,0,0,0,QC,NA,NA,1,0,0,0,0,0,0,1,0,0,NA,18-25,Female,German,Yes,I had French in school for 7 years.,No,No,NA,First year of primary school,NA,0,0,0,0,PERSONAL.HERITAGE,BA in Anglistik,NA,0,0,1,0,0,0,0,0,0,0,0,0,0,0,0,0,NA,1st semester,Advanced,NA,NA,NA,English in Germany,NA,QC,NA,NA,NA,PERSONAL.HERITAGE,NA
5184910055,95520369,2017-01-23T20:36:00Z,2017-01-23T20:42:00Z,Strongly agree,Agree,Strongly agree,Strongly agree,Agree,Agree,Not sure,Disagree,Agree,Agree,Not sure,Strongly agree,Not sure,Agree,Agree,Strongly agree,Not sure,Strongly agree,Agree,Strongly agree,Agree,Agree,Agree,Agree,Strongly agree,Agree,Agree,Strongly agree,Strongly agree,Strongly agree,I am studying English because I feel it is an important language to have mastered in such international times of globalisation.,Being able to speak English allows me to travel to almost any place in the world and being able to communicate with the people there.,I think being able to speak English gives me a certain advantage when looking for a job as most companies are international today.,0,1,0,0,1,1,1,1,NA,1,0,0,0,0,0,QC,1,NA,1,0,0,0,1,0,1,0,1,0,NA,18-25,Female,German,Yes,NA,Italian,Yes,Mother is from England.,Other,BILINGUAL,0,0,0,0,PERSONAL.HERITAGE,BA in Anglistik,NA,0,0,1,0,0,0,0,0,0,0,0,0,0,0,0,0,NA,1st semester,Advanced,NA,0,0,English in Germany,NA,QC,NA,BILINGUAL,BILINGUAL,PERSONAL.HERITAGE,NA
5184915338,95520369,2017-01-23T20:42:00Z,2017-01-23T20:47:00Z,Agree,Agree,Agree,Agree,Agree,Not sure,Not sure,Disagree,Disagree,Strongly agree,Strongly agree,Agree,Agree,Strongly agree,Strongly agree,Agree,Agree,Not sure,Not sure,Agree,Not sure,Strongly agree,Agree,Strongly agree,Agree,Agree,Strongly agree,Agree,Strongly agree,Agree,Meeting nice people,Knowing two world languages,use it in my job and on holiday,1,1,1,0,1,1,0,1,NA,1,1,0,0,0,0,GLOBALISATION,1,NA,0,0,0,1,0,0,1,1,1,0,NA,18-25,Male,German,Yes,"Spanish, (Latin)",No,No,NA,First year of primary school,NA,0,0,0,0,TRAVELLING,BA in Anglistik,NA,0,0,0,0,0,0,0,0,0,1,0,0,0,0,0,0,NA,1st semester,Upper-intermediate,NA,0,0,English in Germany,NA,GLOBALISATION,NA,NA,NA,TRAVELLING,NA
5184919072,95520369,2017-01-23T20:47:00Z,2017-01-23T20:54:00Z,Strongly agree,Strongly agree,Agree,Strongly agree,Agree,Agree,Disagree,Disagree,Strongly disagree,Strongly agree,Strongly agree,Strongly agree,Agree,Agree,Strongly agree,Agree,Strongly agree,Strongly agree,Not sure,Strongly agree,Agree,Disagree,Strongly agree,Strongly agree,Strongly agree,Strongly agree,Agree,Strongly agree,Strongly agree,Strongly agree,English is a world language and person can get more information with English language -> main motivation is the source for all different kinds of information is broader with English,"-> communication with more people
-> more opportunities
-> flexibility",I am supposed to be an English teacher so I guess quit a big role.,0,1,1,0,0,1,0,0,QC,0,0,1,0,1,0,QC,1,NA,0,1,1,0,1,0,0,0,0,0,NA,18-25,Female,Slovak,Yes,"French, German",No,No,NA,Other,THIRD.YEAR.PRIMARY,0,1,0,0,NA,LA,LA,0,0,0,0,0,0,0,0,0,0,0,0,0,0,0,0,NA,3rd year of Master,Advanced,NA,0,0,English in Germany,QC,QC,NA,PRIMARY,THIRD.YEAR.PRIMARY,NA,LA
5184925389,95520369,2017-01-23T20:54:00Z,2017-01-23T21:01:00Z,Agree,Strongly agree,Strongly agree,Agree,Disagree,Strongly agree,Strongly disagree,Strongly disagree,Agree,Strongly agree,Agree,Strongly agree,Strongly agree,Agree,Not sure,Agree,Agree,Strongly agree,Disagree,Strongly agree,Agree,Strongly agree,Strongly agree,Strongly agree,Strongly agree,Strongly agree,Agree,Strongly agree,Agree,Agree,"I think it's the love for the language itself, how it sounds and how it is sometimes capable of expressing something in a way no other language, even my native language, could.",It creates a diversity in how I think and talk in German too. Just like any other language it reassembles or renews ways of thinking and in that way your sight on the world in all aspects.,"I want to be an English teacher someday, so English will sooner or later become part of my everyday life.",0,1,1,0,1,0,1,1,NA,1,1,1,0,0,0,QC,1,NA,0,0,1,0,0,0,0,0,0,0,NA,18-25,Male,German,Yes,Italian,No,No,NA,First year of primary school,NA,0,0,1,0,FRIENDS,BA in Anglistik,NA,0,0,0,0,0,1,0,0,0,0,0,0,0,0,0,0,NA,1st semester,Upper-intermediate,NA,0,0,English in Germany,NA,QC,NA,NA,NA,FRIENDS,NA
5184931383,95520369,2017-01-23T21:01:00Z,2017-01-23T21:11:00Z,Strongly agree,Strongly agree,Strongly agree,Strongly agree,Disagree,Agree,Strongly disagree,Strongly disagree,Agree,Agree,Agree,Strongly agree,Not sure,Agree,Agree,Strongly agree,Not sure,Strongly agree,Strongly agree,Strongly agree,Strongly agree,Strongly agree,Strongly agree,Strongly agree,Strongly agree,Strongly agree,Strongly agree,Strongly agree,Strongly agree,Agree,"My main motivation is to teach students and to show people how great the english language is. I also want to be able to communicate with people especially from America, Canada, Australia & New Zealand without any problems.",I think a main advantage is that I will be respected in an english speaking country. Native speakers will be convinced that they can work together with me without any language problems. And I will be able to obtain work in an english spoken country which couldn't be possible without this kind of formation.,"It will play a huge role for me because I want to teach at schools in Canada or at least I want to work in Canada for a certain time. I already have many friends all over the world because I am a professional skier, where speaking/communicating in english is really important.",0,1,1,0,1,1,0,1,NA,0,1,0,0,0,0,QC,1,NA,0,0,1,1,1,0,0,0,0,0,NA,18-25,Female,German,Yes,"French, Latin, Italian",No,No,NA,First year of primary school,NA,0,0,0,0,LIVING.L2,BA in Anglistik,NA,0,0,0,0,0,0,0,0,0,0,0,0,0,0,0,0,Economics,1st semester,Intermediate,NA,0,0,English in Germany,NA,QC,NA,NA,NA,LIVING.L2,NA
5185378300,95520369,2017-01-24T02:29:00Z,2017-01-24T02:35:00Z,Agree,Strongly agree,Strongly agree,Strongly agree,Strongly agree,Strongly agree,Strongly disagree,Strongly disagree,Strongly agree,Agree,Agree,Strongly agree,Strongly agree,Strongly agree,Strongly agree,Agree,Strongly agree,Agree,Disagree,Strongly agree,Disagree,Strongly agree,Strongly agree,Strongly agree,Strongly agree,Strongly agree,Agree,Strongly agree,Strongly agree,Strongly agree,Becoming a teacher,"International discours, needed for teachers",A central one since I'll become a teacher.,1,1,1,0,1,1,1,1,NA,0,0,0,0,0,1,NA,NA,NA,0,0,1,0,0,0,0,0,0,0,NA,18-25,Male,German,Yes,"Italian, French, Russian, Latin",No,No,NA,Other,FIRST.YEAR.SECONDARY,1,0,0,0,NA,LA,LA,0,0,0,1,0,0,0,0,0,0,0,0,0,0,0,0,NA,1st semester,Advanced,NA,NA,NA,English in Germany,NA,NA,NA,SECONDARY,FIRST.YEAR.SECONDARY,NA,LA
5185389169,95520369,2017-01-24T02:35:00Z,2017-01-24T02:39:00Z,Agree,Strongly agree,Strongly agree,Strongly agree,Disagree,Strongly agree,Disagree,Disagree,Agree,Strongly agree,Agree,Strongly agree,Agree,Strongly agree,Agree,Strongly agree,Agree,Agree,Not sure,Agree,Agree,Strongly disagree,Agree,Not sure,Not sure,Not sure,Not sure,Agree,Agree,Agree,I love the English language,I am able to become an English teacher,It is one of my subjects next to history.,1,1,1,0,1,0,1,1,NA,0,1,1,0,0,0,NA,1,NA,0,0,1,0,0,0,0,0,0,0,NA,18-25,Female,German,Yes,French,Latin,No,NA,First year of primary school,NA,0,0,0,0,NA,LA,LA,0,0,0,0,0,1,0,0,0,0,0,0,0,0,0,0,NA,1st semester,Advanced,NA,0,0,English in Germany,NA,NA,NA,NA,NA,NA,LA
5185397337,95520369,2017-01-24T02:39:00Z,2017-01-24T02:44:00Z,Disagree,Not sure,Agree,Not sure,Disagree,Agree,Disagree,Strongly disagree,Agree,Not sure,Disagree,Agree,Not sure,Agree,Strongly disagree,Agree,Disagree,Agree,Disagree,Strongly agree,Not sure,Agree,Agree,Agree,Agree,Agree,Not sure,Agree,Agree,Agree,I like the language itself and I like being able to communicate easily with people from different countries.,I think it's quite good to be able to speak German and a high level of English because of better career options in the future.,I hope that I'm going to be able to teach students English in a way that they enjoy English.,0,1,1,0,1,0,1,1,NA,0,1,0,0,0,0,NA,1,NA,0,0,1,0,0,0,0,0,0,1,NA,18-25,Female,German,No,NA,No,No,NA,Other,THIRD.YEAR.PRIMARY,0,0,0,0,NA,LA,LA,0,0,0,0,0,0,0,0,0,0,0,0,0,0,0,0,Lehramt Grundschule,1st semester,Upper-intermediate,NA,0,0,English in Germany,NA,NA,NA,PRIMARY,THIRD.YEAR.PRIMARY,NA,LA
5185408081,95520369,2017-01-24T02:44:00Z,2017-01-24T02:52:00Z,Agree,Agree,Strongly agree,Agree,Disagree,Strongly agree,Strongly disagree,Strongly disagree,Agree,Agree,Disagree,Agree,Agree,Agree,Agree,Agree,Agree,Strongly agree,Disagree,Agree,Agree,Strongly agree,Strongly agree,Agree,Strongly agree,Strongly agree,Agree,Agree,Strongly agree,Agree,"I've studied French before but I never used it in my every day life. I like to read books in English, watch TV series in English etc. My mother comes from the Philippines where English is the second language so ever since I was a child, we talk a lot in English at home.",I think it is very important that someone is able to communicate with foreign people. I'm studying to become a teacher so I can transfer my knowledge to other people.,see 32!,0,1,1,0,1,1,0,1,NA,1,1,1,0,0,0,QC,1,NA,1,0,1,0,0,0,0,1,0,0,NA,18-25,Female,German,Yes,"French, Italian, Spanish, Tagalog",French (5 semesters) until 07/2016,No,NA,Kindergarten,NA,0,0,0,0,NA,LA,LA,0,0,0,0,0,0,0,0,0,0,0,0,1,0,0,0,NA,1st semester,Upper-intermediate,NA,0,0,English in Germany,NA,QC,NA,NA,NA,NA,LA
5185601316,95520369,2017-01-24T04:31:00Z,2017-01-24T04:42:00Z,Agree,Agree,Agree,Disagree,Strongly disagree,Strongly disagree,Strongly disagree,Strongly disagree,Agree,Agree,Disagree,Agree,Not sure,Not sure,Not sure,Agree,Not sure,Agree,Disagree,Strongly agree,Agree,Agree,Agree,Agree,Agree,Not sure,Not sure,Agree,Not sure,Not sure,"To improve my speaking and writing skills. 
Mostly I want to be able to speak english fluently.","you are able to communicate in most parts of the world, knowing you are capable of doing so.","well, I like it more than german, so being able to use English properly would be giving me a lot of confidence.",0,0,1,0,0,0,1,1,QC,0,0,0,0,0,1,QC,NA,NA,0,0,1,0,0,0,1,0,1,0,NA,18-25,Female,German,Yes,Spanish,No,No,NA,First year of primary school,NA,0,0,0,0,NA,LA,LA,0,0,0,0,0,0,0,0,0,0,0,0,0,0,0,0,Math (also Lehramt),1st semester,Upper-intermediate,NA,NA,NA,English in Germany,QC,QC,NA,NA,NA,NA,LA
5185737784,95520369,2017-01-24T05:43:00Z,2017-01-24T06:01:00Z,Agree,Strongly agree,Strongly agree,Disagree,Disagree,Strongly disagree,Strongly disagree,Strongly disagree,Disagree,Strongly agree,Not sure,Agree,Agree,Not sure,Agree,Not sure,Disagree,Agree,Not sure,Agree,Agree,Strongly agree,Strongly agree,Strongly agree,Strongly agree,Agree,Not sure,Strongly agree,Agree,Strongly agree,I simply love the language.,NA,I may be an eglish teacher in german schools.,0,1,1,0,0,0,1,1,QC,0,0,0,0,0,1,QC,NA,NA,0,0,1,0,0,0,0,0,0,0,NA,18-25,Female,German,No,NA,No,No,NA,First year of primary school,NA,0,0,0,0,L2.RESOURCES,LA,LA,0,0,0,0,0,0,0,0,0,0,0,0,0,0,0,0,"Soziologie, Erziehungswissenschaften",1st semester,Upper-intermediate,NA,NA,NA,English in Germany,QC,QC,NA,NA,NA,L2.RESOURCES,LA
5185746304,95520369,2017-01-24T06:01:00Z,2017-01-24T06:09:00Z,Strongly agree,Agree,Strongly agree,Agree,Not sure,Not sure,Strongly disagree,Strongly disagree,Not sure,Strongly agree,Agree,Agree,Strongly agree,Agree,Agree,Strongly agree,Strongly agree,Strongly agree,Agree,Strongly agree,Agree,Strongly agree,Strongly agree,Strongly agree,Strongly agree,Strongly agree,Agree,Strongly agree,Strongly agree,Agree,"to become better in speaking and writing
to be able to understand En-films in the cinema/TV.","to be able to use the English-language in my future job, too
to be able to communicate on a higher level.",I want to work in an English-speaking country or to have contact/relationship with companies/workmates,1,1,1,0,1,1,1,1,NA,0,0,0,0,0,1,QC,NA,NA,0,0,1,1,0,0,0,1,1,0,NA,18-25,Female,German,Yes,"Italian, French",No,Yes,Großcousin,Kindergarten,NA,0,0,0,0,COURSE,LA,LA,0,0,0,1,0,0,0,0,0,0,0,0,0,0,0,0,"History of Art, Art",1st semester,Intermediate,NA,NA,NA,English in Germany,NA,QC,NA,NA,NA,COURSE,LA
5185760719,95520369,2017-01-24T06:09:00Z,2017-01-24T06:16:00Z,Strongly agree,Strongly agree,Strongly agree,Strongly agree,Disagree,Disagree,Strongly disagree,Strongly disagree,Agree,Agree,Agree,Strongly agree,Not sure,Agree,Not sure,Strongly agree,Not sure,Strongly agree,Agree,Strongly agree,Strongly agree,Strongly agree,Strongly agree,Agree,Strongly agree,Agree,Not sure,Agree,Strongly agree,Agree,I want improve different English accents to be able to use them when I act in Theatre/Film,Being able to be more preciest in different fields.,"I want to livan and act in the USA, so it will have an imense role.",0,0,1,0,1,1,1,1,NA,0,0,0,0,0,1,NA,NA,NA,0,0,0,0,0,0,0,0,0,0,ENTERTAINMENT,18-25,Female,German,No,NA,No,Yes,United States of America,Other,BILINGUAL,0,0,0,0,NA,BA in Anglistik,NA,0,0,0,1,0,0,0,0,0,0,0,0,0,0,0,0,NA,1st semester,Advanced,NA,NA,NA,English in Germany,NA,NA,ENTERTAINMENT,BILINGUAL,BILINGUAL,NA,NA
5185771791,95520369,2017-01-24T06:16:00Z,2017-01-24T06:21:00Z,Strongly agree,Strongly agree,Strongly agree,Strongly agree,Not sure,Not sure,Disagree,Disagree,Agree,Strongly agree,Strongly agree,Strongly agree,Agree,Agree,Agree,Agree,Not sure,Strongly agree,Disagree,Strongly agree,Agree,Strongly agree,Strongly agree,Strongly agree,Strongly agree,Strongly agree,Not sure,Agree,Agree,Agree,The language itself: I want to master it for personal reasons (expectations).,Work in international companies,"Big role, I want to actively use it.",1,1,1,0,0,1,1,1,NA,0,0,0,0,0,1,NA,NA,NA,1,0,0,0,0,0,1,0,0,0,PUBLISHING,18-25,Female,German,Yes,"French, Spanish",No,No,NA,First year of primary school,NA,0,0,0,0,WORK.L2,BA in Anglistik,NA,0,0,1,0,0,0,0,0,0,0,0,0,0,0,0,0,NA,1st semester,Upper-intermediate,NA,NA,NA,English in Germany,NA,NA,PUBLISHING,NA,NA,WORK.L2,NA
5185779890,95520369,2017-01-24T06:21:00Z,2017-01-24T06:29:00Z,Agree,Strongly agree,Strongly agree,Strongly agree,Disagree,Not sure,Disagree,Strongly disagree,Not sure,Agree,Disagree,Strongly agree,Agree,Strongly agree,Agree,Strongly agree,Agree,Agree,Not sure,Strongly agree,Not sure,Agree,Strongly agree,Strongly agree,Strongly agree,Strongly agree,Agree,Strongly agree,Agree,Agree,"Being able to communicate with people from different countries, having access to more media.",NA,NA,1,1,1,0,1,1,0,0,NA,0,1,0,0,0,0,NA,1,NA,0,1,0,0,0,0,1,1,0,0,NA,18-25,Other,German,Yes,"Polish, French",No,No,NA,Other,THIRD.YEAR.PRIMARY,0,0,0,0,NA,BA in Anglistik,NA,0,0,1,0,0,0,0,0,0,0,0,0,0,0,0,0,NA,1st semester,Advanced,NA,0,0,English in Germany,NA,NA,NA,PRIMARY,THIRD.YEAR.PRIMARY,NA,NA
5185792718,95520369,2017-01-24T06:30:00Z,2017-01-24T06:35:00Z,Not sure,Strongly agree,Strongly agree,Strongly agree,Strongly disagree,Not sure,Strongly disagree,Strongly disagree,Not sure,Agree,Agree,Agree,Not sure,Agree,Strongly agree,Strongly agree,Disagree,Strongly agree,Not sure,Strongly agree,Agree,Disagree,Agree,Agree,Strongly agree,Disagree,Agree,Agree,Agree,Agree,Studying literary science.,"What status does German have?

Ease of communication with people from other countries, even non-English speaking ones.","English plays a central role in the future I've envisioned, as I'd like to become a professor of literature.",0,1,1,0,1,1,1,1,NA,0,0,0,0,0,1,QC,NA,NA,0,1,0,0,0,0,0,1,0,0,NA,18-25,Male,German,Yes,"French, Bulgarian",No,No,NA,Other,PERSONAL,0,0,0,0,NA,BA in Anglistik,NA,0,0,1,0,0,0,0,0,0,0,0,0,0,0,0,0,NA,1st semester,Advanced,NA,NA,NA,English in Germany,NA,QC,NA,PERSONAL,PERSONAL,NA,NA
5186466741,95520369,2017-01-24T18:47:00Z,2017-01-24T18:52:00Z,Not sure,Agree,Agree,Not sure,Not sure,Not sure,Disagree,Disagree,Agree,Agree,Disagree,Agree,Disagree,Not sure,Agree,Not sure,Not sure,Strongly disagree,Disagree,Agree,Not sure,Disagree,Agree,Agree,Agree,Agree,Disagree,Agree,Agree,Agree,NA,NA,NA,0,1,1,0,0,0,1,1,NA,0,0,0,0,0,1,NA,NA,NA,1,0,0,0,1,0,0,0,0,0,NA,18-25,Male,German,Yes,NA,No,No,NA,First year of primary school,NA,0,0,0,0,SELF.STUDY,BA in Anglistik,NA,0,0,0,0,1,0,0,0,0,0,0,0,0,0,0,0,NA,2nd semester,Upper-intermediate,NA,NA,NA,English in Germany,NA,NA,NA,NA,NA,SELF.STUDY,NA
5186470197,95520369,2017-01-24T18:52:00Z,2017-01-24T18:57:00Z,Not sure,Not sure,Strongly agree,Not sure,Disagree,Disagree,Strongly disagree,Not sure,Agree,Agree,Disagree,Agree,Agree,Agree,Strongly agree,Agree,Not sure,Agree,Disagree,Agree,Not sure,Agree,Agree,Strongly agree,Strongly agree,Agree,Agree,Agree,Strongly agree,Agree,I would like to teach English to young students.,Mit Literatur umgehen können.,"Eine große Rolle, da unser Gesellschaft immer globaler wird.",0,1,1,0,0,0,1,0,NA,0,0,1,0,0,0,NA,1,NA,0,0,1,0,0,0,0,0,0,0,NA,18-25,Male,German,No,NA,No,No,NA,Other,THIRD.YEAR.PRIMARY,0,0,0,0,NA,LA,LA,0,0,0,0,0,0,0,0,0,0,0,0,0,0,0,0,NA,1st semester,Upper-intermediate,NA,0,0,English in Germany,NA,NA,NA,PRIMARY,THIRD.YEAR.PRIMARY,NA,LA
5186474525,95520369,2017-01-24T18:57:00Z,2017-01-24T19:12:00Z,Agree,Not sure,Not sure,Agree,Disagree,Disagree,Disagree,Disagree,Agree,Agree,Disagree,Agree,Agree,Not sure,Agree,Not sure,Strongly disagree,Strongly agree,Agree,Strongly agree,Agree,Strongly agree,Agree,Agree,Agree,Agree,Agree,Strongly agree,Strongly agree,Agree,Um in der Welt besser kommunizieren zu können.,Englisch als Weltsprache zu beherrschen.,"Englisch im privaten Gebrauch, als Hobby eine große Rolle, da ich viel und gerne reise. 
Im Beruf eine weniger wichtige Rolle.",0,1,1,0,1,0,1,1,NA,0,1,1,0,0,0,NA,1,NA,0,0,1,0,0,0,0,0,0,0,NA,18-25,Female,German,Yes,French,No,No,NA,First year of primary school,NA,0,1,0,0,NA,LA,LA,0,0,0,0,0,0,0,0,0,0,0,0,0,0,0,0,NA,1st semester,Upper-intermediate,NA,0,0,English in Germany,NA,NA,NA,NA,NA,NA,LA
5186485427,95520369,2017-01-24T19:12:00Z,2017-01-24T19:17:00Z,Agree,Strongly agree,Agree,Agree,Disagree,Not sure,Disagree,Disagree,Not sure,Agree,Not sure,Strongly agree,Agree,Not sure,Not sure,Not sure,Not sure,Strongly agree,Disagree,Strongly agree,Not sure,Strongly agree,Strongly agree,Agree,Agree,Agree,Not sure,Agree,Agree,Not sure,"- improving speaking skills
- want to spend time in English speaking countries 
- I like the language 
- I think it'll be useful for the future",- Get to know the culture and history as well,"- it is important for me because I want to travel the world 
- for communication",0,1,1,0,1,0,1,0,NA,0,0,0,0,0,1,NA,NA,NA,0,0,1,0,0,0,0,0,0,0,M.TEACHING,18-25,Female,German,Yes,French,No,No,NA,Other,THIRD.YEAR.PRIMARY,0,0,0,0,NA,NA,NA,0,0,0,0,0,0,0,0,0,0,1,0,0,0,0,0,NA,1st semester,Upper-intermediate,NA,NA,NA,English in Germany,NA,NA,M.TEACHING,PRIMARY,THIRD.YEAR.PRIMARY,NA,NA
5186489712,95520369,2017-01-24T19:17:00Z,2017-01-24T19:22:00Z,Agree,Strongly agree,Strongly agree,Agree,Disagree,Agree,Disagree,Disagree,Agree,Strongly agree,Not sure,Strongly agree,Strongly agree,Strongly agree,Strongly agree,Strongly agree,Agree,Strongly agree,Agree,Strongly agree,Agree,Strongly agree,Strongly agree,Strongly agree,Strongly agree,Strongly agree,Strongly agree,Strongly agree,Strongly agree,Strongly agree,Interest in language and use English in my future job.,Being part of the globalized world,I will use it in my job,1,1,1,0,1,1,1,1,NA,0,0,0,1,0,0,NA,1,NA,1,0,0,1,0,0,0,1,1,1,NA,18-25,Female,German,Yes,Italian,No,No,NA,First year of primary school,NA,0,0,0,0,SELF.STUDY,LA,LA,0,0,0,0,0,0,0,0,0,0,0,0,0,0,0,0,Germanistik,1st semester,Upper-intermediate,NA,0,0,English in Germany,NA,NA,NA,NA,NA,SELF.STUDY,LA
5186493777,95520369,2017-01-24T19:22:00Z,2017-01-24T19:26:00Z,Agree,Strongly agree,Strongly agree,Strongly agree,Not sure,Agree,Disagree,Disagree,Agree,Agree,Agree,Agree,Not sure,Strongly agree,Agree,Strongly agree,Strongly agree,Strongly agree,Not sure,Agree,Agree,Strongly agree,Strongly agree,Agree,Strongly agree,Not sure,Agree,Agree,Strongly agree,Agree,I want to work in English speaking countries,I've got a proof of how good I am at speaking English,Will be very important as I want to live and work in an English speaking country.,1,1,1,0,0,1,0,0,NA,0,0,0,0,0,1,NA,NA,NA,1,1,0,0,0,0,0,1,0,0,NA,18-25,Female,German,No,NA,No,No,NA,Other,THIRD.YEAR.PRIMARY,0,0,1,0,NA,BA in Anglistik,NA,0,0,0,1,0,0,0,0,0,0,0,0,0,0,0,0,NA,1st semester,Upper-intermediate,NA,NA,NA,English in Germany,NA,NA,NA,PRIMARY,THIRD.YEAR.PRIMARY,NA,NA
5186497076,95520369,2017-01-24T19:26:00Z,2017-01-24T19:31:00Z,Not sure,Agree,Agree,Agree,Agree,Not sure,Disagree,Disagree,NA,Strongly agree,Agree,Strongly agree,Agree,Strongly agree,Agree,Agree,Not sure,Strongly agree,Not sure,Strongly agree,Not sure,Agree,Agree,Strongly agree,Agree,Agree,Agree,Not sure,Strongly agree,Agree,"- to improve my English because it's a ""world language""
- to use it in my daily life",NA,- to teach the language in elementary school,1,1,1,0,0,0,1,1,NA,0,0,0,0,0,1,NA,NA,NA,0,0,1,0,0,0,0,0,0,0,NA,18-25,Female,Turkish,Yes,German,No,No,Turkey,Other,FIRST.YEAR.SECONDARY,0,0,0,0,LIVING.L2,LA,LA,0,0,0,0,0,0,0,0,0,0,0,0,0,0,0,0,NA,1st semester,Upper-intermediate,NA,NA,NA,English in Germany,NA,NA,NA,SECONDARY,FIRST.YEAR.SECONDARY,LIVING.L2,LA
5186501237,95520369,2017-01-24T19:31:00Z,2017-01-24T19:36:00Z,Strongly agree,Agree,Agree,Strongly agree,Not sure,Not sure,Strongly disagree,Strongly disagree,Strongly agree,Not sure,Disagree,Agree,Agree,Disagree,Agree,Agree,Agree,Not sure,Not sure,Agree,Not sure,Not sure,Agree,Agree,Agree,Agree,Agree,Strongly agree,Strongly agree,Strongly agree,"English is the language of the world. 
And I need it for my study to become a teacher.",I will know much more about English then other people and mastering English is also connected to a certain status.,"for traveling 
for teaching in school",0,1,0,0,1,0,1,0,NA,0,0,0,0,0,1,NA,NA,NA,0,0,1,0,0,0,0,0,0,0,NA,18-25,Female,German,No,NA,No,No,NA,Other,THIRD.YEAR.PRIMARY,0,0,0,0,STUDY.HOLIDAY,LA,LA,0,0,0,0,0,0,0,0,0,0,0,0,0,0,0,0,NA,1st semester,Intermediate,NA,NA,NA,English in Germany,NA,NA,NA,PRIMARY,THIRD.YEAR.PRIMARY,STUDY.HOLIDAY,LA
5186504871,95520369,2017-01-24T19:36:00Z,2017-01-24T19:40:00Z,Strongly agree,Agree,Strongly agree,Agree,Disagree,Agree,Disagree,Disagree,Strongly agree,Strongly agree,Agree,Strongly agree,Strongly agree,Agree,Agree,Agree,Agree,Strongly agree,Agree,Strongly agree,Agree,Agree,Agree,Agree,Agree,Not sure,Not sure,Strongly agree,Strongly agree,Strongly agree,I love the language itself and the people who live in English speaking countries.,- being able to communicate with people from all over the world,"- I find the time to read lots of English literatur in my free time 
- I meet English speaking people every day & speak English on a daily basis",1,1,1,0,0,0,0,0,NA,0,1,1,0,0,0,NA,1,NA,0,0,0,0,0,0,0,0,0,1,NA,18-25,Female,German,Yes,French,German,No,NA,Other,THIRD.YEAR.PRIMARY,0,1,0,0,NA,BA in Anglistik,NA,0,0,0,0,0,0,0,0,0,0,0,0,1,0,0,0,NA,1st semester,Advanced,NA,0,0,English in Germany,NA,NA,NA,PRIMARY,THIRD.YEAR.PRIMARY,NA,NA
5186508717,95520369,2017-01-24T19:41:00Z,2017-01-24T19:47:00Z,Strongly agree,Strongly agree,Strongly agree,Strongly agree,Agree,Agree,Disagree,Disagree,Strongly agree,Strongly agree,Strongly agree,Strongly agree,Agree,Strongly agree,Strongly agree,Strongly agree,Not sure,Strongly agree,Not sure,Strongly agree,Strongly agree,Strongly agree,Strongly agree,Strongly agree,Strongly agree,Strongly agree,Strongly agree,Strongly agree,Strongly agree,Strongly agree,I want to improve my English so I can become an English teacher that is respected for their knowledge and capability.,Learning English opens many doors regardless of your native language. It allows you to communicate and to feel conected to people on a global scale.,Since I'm studying to become an English teacher I believe English will play a central role in both my working life and my private life.,1,1,1,0,1,1,1,1,NA,0,1,1,0,0,0,MEDIA,1,NA,1,1,1,0,1,0,0,0,0,0,NA,18-25,Female,German,Yes,"French, Latin, studying Swedish",No,No,NA,Other,THIRD.YEAR.PRIMARY,0,0,0,0,L2.RESOURCES,LA,LA,0,0,0,0,0,1,0,0,0,0,0,0,0,0,0,0,NA,3rd semester,Advanced,NA,0,0,English in Germany,NA,MEDIA,NA,PRIMARY,THIRD.YEAR.PRIMARY,L2.RESOURCES,LA
5186569508,95520369,2017-01-24T20:53:00Z,2017-01-24T20:59:00Z,Agree,Agree,Strongly agree,Not sure,Disagree,Not sure,Disagree,Disagree,Agree,Agree,Disagree,Agree,Agree,Strongly agree,Not sure,Agree,Agree,Agree,Disagree,Agree,Not sure,Agree,Strongly agree,Agree,Strongly agree,Agree,Not sure,Agree,Agree,Agree,It was my best subject at school and I also find the language itself interesting; it's a think I really enjoy.,"Having a major advantage when looking for a job; being able to communicate fluently with people from English speaking countries and travelling, without having to worry that you won't be able to communicate.",It could have to do a lot with my job (e.g. translator) / help me find new friends and having contacts world wide.,1,1,1,0,1,1,0,0,NA,0,0,0,0,0,1,QC,NA,NA,1,0,0,0,1,1,1,1,0,0,NA,18-25,Female,Russian,Yes,German,No,No,NA,Other,THIRD.YEAR.PRIMARY,0,0,0,0,NA,BA in Anglistik,NA,0,0,1,0,0,0,0,0,0,0,0,0,0,0,0,0,NA,1st semester,Advanced,NA,NA,NA,English in Germany,NA,QC,NA,PRIMARY,THIRD.YEAR.PRIMARY,NA,NA
5186574628,95520369,2017-01-24T20:59:00Z,2017-01-24T21:05:00Z,Agree,Strongly agree,Strongly agree,Strongly agree,Disagree,Strongly agree,Disagree,Disagree,Agree,Strongly agree,Agree,Strongly agree,Agree,Not sure,Agree,Not sure,Not sure,Strongly agree,Not sure,Strongly agree,Agree,Agree,Agree,Agree,Agree,Agree,Agree,Agree,Agree,Agree,"Basically, my love for the english language & countries, as well as the wish to improve my own English.",English is an international language that allows me to communicate with people all over the globe. Learning English at university level allows me to do this at the best of my abilities.,I would like to always be fluent in English and become an english teacher.,0,1,1,0,1,1,1,0,ABLE.TO.COMMUNICATE,0,0,0,0,0,1,QC,NA,NA,0,0,1,0,0,0,0,0,0,0,NA,18-25,Female,German,Yes,"French, but not that good.",No,No,NA,Other,FOURTH.YEAR.PRIMARY,0,0,0,0,NA,LA,LA,0,0,0,0,0,0,0,0,0,0,0,0,0,0,0,0,NA,1st semester,Advanced,NA,NA,NA,English in Germany,ABLE.TO.COMMUNICATE,QC,NA,PRIMARY,FOURTH.YEAR.PRIMARY,NA,LA
5186579663,95520369,2017-01-24T21:05:00Z,2017-01-24T21:13:00Z,Strongly agree,Strongly agree,Strongly agree,Strongly agree,Disagree,Strongly disagree,Strongly disagree,Disagree,Strongly agree,Strongly agree,Strongly agree,Strongly agree,Strongly agree,Strongly agree,Strongly agree,Strongly agree,Strongly agree,Strongly agree,Disagree,Strongly agree,Strongly agree,Strongly disagree,Strongly disagree,Strongly agree,Strongly disagree,Strongly disagree,Strongly agree,Strongly agree,Strongly agree,Strongly agree,"I am studying to become a teacher. So my main motivation is pass my knowledge on to students. I also want to work as an international teacher one day, which is obviously only possible for the IB, if I know fluent English.","I think it can help me immensely if I want to go abroad in any way: work or leisure. It also connects people on an international level. For me, learning it at university level helps me understand the language on a deeper level so that I can teach it.",I think it will have a role in all aspects of my life. I should mention that I lived in India for 8 years and did the IB.,0,1,1,0,1,1,1,1,QC,0,0,0,0,0,0,QC,NA,NA,0,0,1,0,0,0,0,1,0,0,NA,18-25,Female,German,Yes,Spanish,No,No,NA,First year of primary school,NA,0,0,0,0,LIVING.L2,LA,LA,0,0,0,0,0,0,0,0,0,0,0,0,0,0,0,0,Geography,3rd semester,Advanced,NA,NA,NA,English in Germany,QC,QC,NA,NA,NA,LIVING.L2,LA
5186586330,95520369,2017-01-24T21:13:00Z,2017-01-24T21:20:00Z,Agree,Strongly agree,Agree,Agree,Strongly disagree,Disagree,Strongly disagree,Disagree,Disagree,Strongly agree,Not sure,Agree,Agree,Agree,Agree,Agree,Not sure,Strongly agree,Not sure,Strongly agree,Agree,Agree,Agree,Strongly agree,Agree,Agree,Not sure,Strongly agree,Agree,Agree,I really like the language and I think it can help me fullfilling my plans for the future.,I believe that I have to improve my speaking as well as my writing skills and it will help me to understand the structure of the language itself.,There are several aspects regarding my possible career choices and also activities in my free time which will profit from a good knowledge of the language.,0,1,1,0,0,0,1,0,QC,0,0,0,0,0,1,QC,NA,NA,1,1,0,0,1,0,1,1,0,0,NA,18-25,Male,German,Yes,Ich lerne Japanisch,siehe oben,No,NA,Other,THIRD.YEAR.PRIMARY,0,0,0,0,NA,BA in Anglistik,NA,0,0,1,0,0,0,0,0,0,0,0,0,0,0,0,0,NA,1st semester,Upper-intermediate,NA,NA,NA,English in Germany,QC,QC,NA,PRIMARY,THIRD.YEAR.PRIMARY,NA,NA
5186844398,95520369,2017-01-25T00:52:00Z,2017-01-25T00:57:00Z,Not sure,Agree,Strongly agree,Disagree,Strongly disagree,Disagree,Disagree,Strongly disagree,Not sure,Strongly agree,Disagree,Agree,Agree,Not sure,Agree,Not sure,Not sure,Agree,Disagree,Agree,Not sure,Strongly agree,Strongly agree,Strongly agree,Strongly agree,Strongly agree,Not sure,Strongly agree,Strongly agree,Strongly agree,I want to improve my English skills and be able to write and read about more complex topics. And I'm pretty interested in studying languages.,I never thought about this question. Maybe dropping the German accent and being able to communicate more precisly,I'm not sure. It could be important for my job.,0,1,1,0,0,0,1,1,NA,0,0,0,0,0,1,NA,NA,NA,1,1,0,0,0,0,1,1,1,0,NA,18-25,Male,German,Yes,"French, Italian",No,No,NA,Other,FIRST.YEAR.SECONDARY,0,0,0,0,NA,BA in Anglistik,NA,0,0,0,0,0,1,0,0,0,0,0,0,0,0,0,0,NA,1st semester,Advanced,NA,NA,NA,English in Germany,NA,NA,NA,SECONDARY,FIRST.YEAR.SECONDARY,NA,NA
5186851988,95520369,2017-01-25T00:57:00Z,2017-01-25T01:06:00Z,Strongly agree,Strongly agree,Strongly agree,Strongly agree,Strongly disagree,Agree,Strongly disagree,Strongly disagree,Not sure,Strongly agree,Strongly agree,Strongly agree,Disagree,Not sure,Agree,Not sure,Not sure,Strongly agree,Strongly agree,Strongly agree,Strongly agree,Strongly disagree,Disagree,Disagree,Disagree,Disagree,Not sure,Agree,Disagree,Strongly agree,I just love the language / languages in general.,"To me, it's really just about being able to speak English very frequently. A job as an english teacher enables me to do so, thus, I decided to go for the studies, here, at the LMU.",It will be my fist and biggest love out of all the languages. I plan to have have learned it then.,1,1,1,1,1,1,1,1,QC,0,0,0,0,0,1,QC,NA,NA,0,0,1,1,0,0,0,0,1,0,NA,18-25,Male,German,Yes,"Portuguese and a little French / Latin, if that counts. Playing around with Japanese and Spanish, as well.",No,No,NA,Other,THIRD.YEAR.PRIMARY,0,0,0,0,SELF.STUDY,LA,LA,0,0,0,0,0,0,0,0,0,0,0,0,0,0,0,0,none,1st semester,Advanced,NA,NA,NA,English in Germany,QC,QC,NA,PRIMARY,THIRD.YEAR.PRIMARY,SELF.STUDY,LA
5186867348,95520369,2017-01-25T01:07:00Z,2017-01-25T01:14:00Z,Agree,Strongly agree,Strongly agree,Agree,Not sure,Not sure,Disagree,Strongly disagree,Disagree,Agree,Not sure,Agree,Agree,Agree,Agree,Agree,Not sure,Strongly agree,Not sure,Strongly agree,Agree,Strongly agree,Strongly agree,Strongly agree,Strongly agree,Strongly agree,Agree,Strongly agree,Strongly agree,Agree,To become a teacher. But I chose English because through my 10 months stay in USA I learned to love the language.,Being able to communicative with native people from english-speaking countries & being a part of the world.,Teaching English. But also having friends all around the world and being able to stay connected. Helping other people when they're in need of english.,0,1,1,0,1,0,0,1,NA,0,0,0,0,0,1,QC,NA,NA,1,0,1,0,0,0,0,0,0,0,NA,18-25,Female,German,Yes,French. I had Latin in school & I am learning Old Greek right now.,No,No,NA,Other,THIRD.YEAR.PRIMARY,0,0,1,0,NA,LA,LA,0,0,0,0,0,0,0,0,0,0,1,0,0,0,0,0,Ich studiere kath. Religionslehre & Englisch auf Lehramt,1st semester,Advanced,NA,NA,NA,English in Germany,NA,QC,NA,PRIMARY,THIRD.YEAR.PRIMARY,NA,LA
5186879340,95520369,2017-01-25T01:14:00Z,2017-01-25T01:18:00Z,Agree,Agree,Agree,Agree,Strongly disagree,Agree,Strongly disagree,Strongly disagree,Agree,Agree,Disagree,Agree,Not sure,Agree,Not sure,Agree,Disagree,Agree,Not sure,Agree,Agree,Agree,Agree,Agree,Agree,Not sure,Not sure,Strongly agree,Agree,Agree,being a teacher for english,a more global range of diversity,i will teach it,0,1,1,0,1,1,0,0,NA,1,0,1,0,0,0,QC,1,NA,0,0,1,0,0,0,0,0,0,0,NA,18-25,Male,German,Yes,Italian,No,No,NA,First year of primary school,NA,0,1,0,0,NA,LA,LA,0,0,0,0,0,0,0,0,0,0,0,0,0,0,0,0,Geography,1st semester,Advanced,NA,0,0,English in Germany,NA,QC,NA,NA,NA,NA,LA
5186887474,95520369,2017-01-25T01:18:00Z,2017-01-25T01:23:00Z,Strongly agree,Strongly agree,Strongly agree,Strongly agree,Disagree,Disagree,Strongly disagree,Strongly disagree,Not sure,Strongly agree,Agree,Strongly agree,Agree,Strongly agree,Agree,Strongly agree,Not sure,Strongly agree,Not sure,Strongly agree,Agree,Agree,Agree,Agree,Agree,Agree,Agree,Strongly agree,Strongly agree,Agree,Doing something fun & interesting,improvement of English skills,"Hopefully, I will marry someone from an English-speaking country so that I can raise my children bilingual",1,1,1,0,1,1,1,0,NA,0,0,0,0,0,1,NA,NA,NA,0,0,0,0,1,0,0,1,0,0,MEDIA,18-25,Male,German,Yes,Spanish,No,No,NA,Other,THIRD.YEAR.PRIMARY,0,0,0,0,L2.RESOURCES,BA in Anglistik,NA,0,0,0,0,0,0,0,0,0,1,0,0,0,0,0,0,NA,1st semester,Advanced,NA,NA,NA,English in Germany,NA,NA,MEDIA,PRIMARY,THIRD.YEAR.PRIMARY,L2.RESOURCES,NA
5186895119,95520369,2017-01-25T01:23:00Z,2017-01-25T01:29:00Z,Strongly agree,Strongly agree,Agree,Strongly agree,Disagree,Agree,Strongly disagree,Strongly disagree,Strongly agree,Strongly agree,Agree,Strongly agree,Agree,Strongly agree,Agree,Strongly agree,Not sure,Strongly agree,Agree,Strongly agree,Not sure,Strongly agree,Strongly agree,Strongly agree,Strongly agree,Strongly agree,Not sure,Strongly agree,Strongly agree,Strongly agree,"- better job 
- better use of English 
- I absolutely love that language","- better job 
- be more open-minded","I want to become a journalist and my dream is to work for an english radio station or tv channel for some time, so english is obligatory for me.",1,1,1,0,0,1,0,1,NA,0,0,0,0,0,1,NA,NA,NA,0,0,0,0,0,0,0,1,0,0,NA,18-25,Female,German,Yes,french and a bit of spanish,french and spanish,No,NA,Other,THIRD.YEAR.PRIMARY,0,0,0,0,NA,BA in Anglistik,NA,0,0,1,0,0,0,0,0,0,0,0,0,0,0,0,0,NA,1st semester,Advanced,NA,NA,NA,English in Germany,NA,NA,NA,PRIMARY,THIRD.YEAR.PRIMARY,NA,NA
5200940285,94702335,2017-02-02T21:32:00Z,2017-02-02T21:35:00Z,Strongly agree,Agree,Strongly agree,Strongly agree,Disagree,Disagree,Disagree,Disagree,Not sure,Agree,Not sure,Agree,Not sure,Agree,Agree,Strongly agree,Not sure,Strongly agree,Disagree,Agree,Strongly agree,Agree,Strongly agree,Agree,Strongly agree,Agree,Agree,Agree,Agree,Agree,NA,NA,NA,0,0,0,0,0,0,0,0,NA,0,0,0,0,0,0,NA,NA,NA,0,0,0,0,0,0,0,0,0,0,NA,NA,NA,NA,NA,NA,NA,NA,NA,NA,NA,0,0,0,0,NA,NA,NA,0,0,0,0,0,0,0,0,0,0,0,0,0,0,0,0,NA,NA,NA,NA,NA,NA,English in Germany,NA,NA,NA,NA,NA,NA,NA
5201108060,94702335,2017-02-02T23:37:00Z,2017-02-02T23:44:00Z,Not sure,Agree,Strongly agree,Strongly agree,Not sure,Disagree,Strongly disagree,Disagree,Strongly agree,Strongly agree,Disagree,Strongly agree,Strongly agree,Strongly agree,Strongly agree,Strongly agree,Strongly agree,Not sure,Strongly disagree,Agree,Disagree,Disagree,Disagree,Not sure,Agree,Not sure,Not sure,Not sure,Strongly agree,Agree,"I find English literature fascinating and interesting, and like reading the original.",Being completely secure and confident in my knowledge of English.,"Probably a language I use for reading books and news, but also in business.",0,1,0,0,0,1,1,0,NA,0,0,0,0,0,1,NA,NA,NA,1,0,0,1,0,1,0,0,0,0,NA,18-25,Female,Croatian,Yes,German,No,No,NA,First year of primary school,NA,1,0,0,0,L2.RESOURCES,BA in Anglistik,NA,0,0,1,0,0,0,0,0,0,0,0,0,0,0,1,0,NA,5th semester,Advanced,NA,NA,NA,English in Germany,NA,NA,NA,NA,NA,L2.RESOURCES,NA
5201306668,94702335,2017-02-03T01:19:00Z,2017-02-03T01:33:00Z,Strongly agree,Strongly agree,Strongly agree,Strongly agree,Agree,Agree,Disagree,Disagree,Agree,Strongly agree,Strongly agree,Agree,Agree,Strongly agree,Strongly agree,Strongly agree,Strongly agree,Strongly agree,Disagree,Agree,Agree,Strongly agree,Strongly agree,Agree,Agree,Strongly agree,Strongly agree,Strongly agree,Strongly agree,Strongly agree,"Being able to communicate with the rest of the world, on a social level but also on a business level.
The possibility to aquire a good job.",Putting myself at an advantage over other people who might have studied English in school (no matter the level) only.,"A way for communication with many of my friends, but also a mean to reach a bigger audience for my ideas. (I aim to study global journalism)",0,0,1,0,1,1,1,0,NA,0,0,0,0,0,1,NA,NA,NA,1,0,0,1,0,0,0,1,0,0,NA,18-25,Other,German,Yes,"Basic French, basic Swedish, advanced Japanese",No,No,NA,Other,THIRD.YEAR.PRIMARY,0,0,1,0,NA,BA in Anglistik,NA,0,0,1,0,0,0,0,0,0,0,0,0,0,0,0,0,NA,6th semester,Advanced,NA,NA,NA,English in Germany,NA,NA,NA,PRIMARY,THIRD.YEAR.PRIMARY,NA,NA
